LA,URN,LONDON/NON-LONDON,MEDIAN,PUPILS,FSM,FSMBAND,GRANTFUNDING,SELFGENERATEDINCOME,TOTALINCOME,TEACHINGSTAFF,SUPPLYTEACHERS,EDUCATIONSUPPORTSTAFF,PREMISES,BACKOFFICE,CATERING,OTHERSTAFF,ENERGY,LEARNINGRESOURCES,ICT,BOUGHTINPROFESSIONALSERVICES,OTHER,TOTALEXPENDITURE,T1314CAT1,T1314CAT2,T1314CAT3,T1314CAT4,T1314CAT5,T1314CAT1LA,T1314CAT2LA,T1314CAT3LA,T1314CAT4LA,T1314CAT5LA,T1415CAT1,T1415CAT2,T1415CAT3,T1415CAT4,T1415CAT5,T1415CAT1LA,T1415CAT2LA,T1415CAT3LA,T1415CAT4LA,T1415CAT5LA,T1516CAT1,T1516CAT2,T1516CAT3,T1516CAT4,T1516CAT5,T1516CAT1LA,T1516CAT2LA,T1516CAT3LA,T1516CAT4LA,T1516CAT5LA,T1617CAT1,T1617CAT2,T1617CAT3,T1617CAT4,T1617CAT5,T1617CAT1LA,T1617CAT2LA,T1617CAT3LA,T1617CAT4LA,T1617CAT5LA,T1718CAT1,T1718CAT2,T1718CAT3,T1718CAT4,T1718CAT5,T1718CAT1LA,T1718CAT2LA,T1718CAT3LA,T1718CAT4LA,T1718CAT5LA,DCAT1,DCAT2,DCAT3,DCAT4,DCAT5,PGRANTFUNDING,PSELFGENERATEDINCOME,PTEACHINGSTAFF,PSUPPLYTEACHERS,PEDUCATIONSUPPORTSTAFF,PPREMISES,PBACKOFFICE,PCATERING,POTHERSTAFF,PENERGY,PLEARNINGRESOURCES,PICT,PBOUGHTINPROFESSIONALSERVICES,POTHER,PT1314CAT1,PT1314CAT2,PT1314CAT3,PT1314CAT4,PT1314CAT5,PT1314CAT1LA,PT1314CAT2LA,PT1314CAT3LA,PT1314CAT4LA,PT1314CAT5LA,PT1415CAT1,PT1415CAT2,PT1415CAT3,PT1415CAT4,PT1415CAT5,PT1415CAT1LA,PT1415CAT2LA,PT1415CAT3LA,PT1415CAT4LA,PT1415CAT5LA,PT1516CAT1,PT1516CAT2,PT1516CAT3,PT1516CAT4,PT1516CAT5,PT1516CAT1LA,PT1516CAT2LA,PT1516CAT3LA,PT1516CAT4LA,PT1516CAT5LA,PT1617CAT1,PT1617CAT2,PT1617CAT3,PT1617CAT4,PT1617CAT5,PT1617CAT1LA,PT1617CAT2LA,PT1617CAT3LA,PT1617CAT4LA,PT1617CAT5LA,PT1718CAT1,PT1718CAT2,PT1718CAT3,PT1718CAT4,PT1718CAT5,PT1718CAT1LA,PT1718CAT2LA,PT1718CAT3LA,PT1718CAT4LA,PT1718CAT5LA,PDCAT1,PDCAT2,PDCAT3,PDCAT4,PDCAT5
320,103032,London,Primary,686,9.9,Low,"5,485",78,"5,564","2,202",172,635,918,384,110,227,0,140,91,235,198,"5,312",SUPP,272,394,0,"4,965","2,967",199,379,58,"4,752","2,726",265,401,0,"5,417","3,004",242,393,64,"5,288","2,848",227,418,0,"5,585","3,227",175,457,66,"5,439","2,771",191,398,0,"5,276","3,211",199,"5,219",574,0,"2,837",172,384,0,"5,312","3,428",171,86,635,0,NA,-100,-10,0,347,99%,1%,41%,3%,12%,17%,7%,2%,4%,0%,3%,2%,4%,4%,51%,5%,8%,0%,100%,NA,NA,NA,NA,NA,50%,5%,7%,0%,100%,NA,NA,NA,NA,NA,51%,4%,2%,4%,100%,NA,NA,NA,NA,NA,53%,4%,8%,0%,100%,NA,NA,NA,NA,NA,53%,3%,7%,0%,100%,NA,NA,NA,NA,NA,2%,-2%,-1%,0%,0%
320,103036,London,Primary,460,13.5,Low,"5,961",137,"6,099","2,632",89,"1,364",349,626,161,244,69,185,56,106,177,"6,061",SUPP,108,376,79,"5,508","3,062",199,377,72,"5,004","3,717",139,464,75,"5,818","3,157",315,460,57,"5,818","3,806",202,586,74,"5,960","3,391",343,441,78,"5,796","3,908",130,634,71,"6,036","3,379",130,"6,061","1,306",71,"3,997",89,626,69,"6,061","3,428",171,130,"1,364",69,NA,-19,250,-10,553,98%,2%,43%,1%,23%,6%,10%,3%,4%,1%,3%,1%,2%,3%,66%,2%,7%,1%,100%,NA,NA,NA,NA,NA,64%,2%,8%,1%,100%,NA,NA,NA,NA,NA,64%,3%,3%,3%,100%,NA,NA,NA,NA,NA,65%,2%,11%,1%,100%,NA,NA,NA,NA,NA,66%,1%,10%,1%,100%,NA,NA,NA,NA,NA,0%,-1%,3%,0%,0%
320,103044,London,Primary,561,18.1,Low,"6,197",84,"6,282","2,339",77,"1,493","1,002",445,3,221,73,203,76,197,151,"6,280","3,198",233,268,74,"5,458","3,062",199,377,72,"5,004","3,691",407,349,82,"6,742","3,157",315,460,57,"5,818","3,440",428,352,83,"6,207","3,391",343,441,78,"5,796","3,544",59,321,68,"5,553","3,379",130,"5,599","1,230",68,"3,832",77,445,73,"6,280","3,428",171,43,"1,493",73,634,-156,177,-1,822,99%,1%,37%,1%,24%,16%,7%,0%,4%,1%,3%,1%,3%,2%,59%,4%,5%,1%,100%,NA,NA,NA,NA,NA,55%,6%,5%,1%,100%,NA,NA,NA,NA,NA,56%,7%,2%,3%,100%,NA,NA,NA,NA,NA,64%,1%,6%,1%,100%,NA,NA,NA,NA,NA,61%,1%,7%,1%,100%,NA,NA,NA,NA,NA,2%,-3%,2%,0%,0%
320,103048,London,Primary,853,9.8,Low,"4,732",657,"5,389","2,395",298,472,330,615,58,303,86,194,165,408,98,"5,421","2,316",406,305,76,"4,637","2,967",199,379,58,"4,752","2,712",414,413,58,"5,611","3,004",242,393,64,"5,288","2,859",289,409,33,"5,318","3,227",175,457,66,"5,439","2,845",317,432,27,"5,388","3,211",199,"5,316",490,27,"2,867",298,615,86,"5,421","3,428",171,496,472,86,551,-108,310,10,784,88%,12%,44%,5%,9%,6%,11%,1%,6%,2%,4%,3%,8%,2%,50%,9%,7%,2%,100%,NA,NA,NA,NA,NA,48%,7%,7%,1%,100%,NA,NA,NA,NA,NA,53%,5%,0%,4%,100%,NA,NA,NA,NA,NA,53%,6%,8%,1%,100%,NA,NA,NA,NA,NA,53%,5%,11%,2%,100%,NA,NA,NA,NA,NA,3%,-4%,4%,0%,0%
320,103052,London,Primary,329,12.3,Low,"6,068",541,"6,609","2,302",446,"1,709",465,554,306,258,54,162,30,124,289,"6,700","2,176",421,379,36,"4,779","3,062",199,377,72,"5,004","2,872",498,502,26,"6,153","3,004",242,393,64,"5,288","3,667",643,487,69,"6,624","3,227",175,457,66,"5,439","3,161",381,431,69,"5,371","3,211",199,"5,362","1,441",69,"4,011",446,554,54,"6,700","3,428",171,462,"1,709",54,"1,835",25,175,18,"1,921",92%,8%,34%,7%,26%,7%,8%,5%,4%,1%,2%,0%,2%,4%,46%,9%,8%,1%,100%,NA,NA,NA,NA,NA,47%,8%,8%,0%,100%,NA,NA,NA,NA,NA,55%,10%,4%,4%,100%,NA,NA,NA,NA,NA,59%,7%,8%,1%,100%,NA,NA,NA,NA,NA,60%,7%,8%,1%,100%,NA,NA,NA,NA,NA,14%,-2%,0%,0%,0%
320,103053,London,Primary,568,11.8,Low,"5,901",267,"6,168","2,619",187,603,460,588,224,263,258,81,101,413,323,"6,119","2,744",512,433,127,"5,027","2,967",199,379,58,"4,752","2,844",380,397,93,"5,248","3,004",242,393,64,"5,288","2,985",243,513,125,"5,427","3,227",175,457,66,"5,439","3,051",316,543,102,"5,840","3,211",199,"5,791",524,102,"3,222",187,588,258,"6,119","3,428",171,298,603,258,478,-325,155,131,"1,092",96%,4%,43%,3%,10%,8%,10%,4%,4%,4%,1%,2%,7%,5%,55%,10%,9%,3%,100%,NA,NA,NA,NA,NA,54%,7%,8%,2%,100%,NA,NA,NA,NA,NA,55%,4%,0%,1%,100%,NA,NA,NA,NA,NA,52%,5%,9%,2%,100%,NA,NA,NA,NA,NA,53%,3%,10%,4%,100%,NA,NA,NA,NA,NA,-2%,-7%,1%,1%,0%
320,103054,London,Primary,489,7.4,Low,"4,960",532,"5,492","2,490",70,"1,216",207,485,143,249,74,235,54,233,127,"5,582","3,271",191,276,53,"4,752","2,967",199,379,58,"4,752","3,406",113,286,46,"5,213","3,004",242,393,64,"5,288","3,621",132,323,59,"5,498","3,227",175,457,66,"5,439","3,478",132,350,48,"5,082","3,211",199,"4,874","1,135",48,"3,705",70,485,74,"5,582","3,428",171,247,"1,216",74,434,-121,209,21,830,90%,10%,45%,1%,22%,4%,9%,3%,4%,1%,4%,1%,4%,2%,69%,4%,6%,1%,100%,NA,NA,NA,NA,NA,65%,2%,5%,1%,100%,NA,NA,NA,NA,NA,66%,2%,3%,4%,100%,NA,NA,NA,NA,NA,68%,3%,7%,1%,100%,NA,NA,NA,NA,NA,66%,1%,9%,1%,100%,NA,NA,NA,NA,NA,-3%,-3%,3%,0%,0%
320,103059,London,Primary,441,6.7,Low,"4,763",119,"4,882","2,481",171,749,278,468,147,192,45,143,34,381,99,"5,189","2,754",20,279,47,"4,005","2,967",199,379,58,"4,752","2,723",4,290,41,"4,165","3,004",242,393,64,"5,288","3,000",6,330,44,"4,659","3,227",175,457,66,"5,439","3,023",123,283,40,"4,647","3,211",199,"4,629",727,40,"3,231",171,468,45,"5,189","3,428",171,200,749,45,477,151,189,-2,"1,184",98%,2%,48%,3%,14%,5%,9%,3%,4%,1%,3%,1%,7%,2%,69%,0%,7%,1%,100%,NA,NA,NA,NA,NA,65%,0%,7%,1%,100%,NA,NA,NA,NA,NA,64%,0%,3%,3%,100%,NA,NA,NA,NA,NA,65%,3%,6%,1%,100%,NA,NA,NA,NA,NA,62%,3%,9%,1%,100%,NA,NA,NA,NA,NA,-7%,3%,2%,0%,0%
320,103060,London,Primary,471,13.3,Low,"5,945",306,"6,251","2,137",470,"1,064",424,534,85,176,98,134,120,178,162,"5,583","3,039",209,233,26,"4,889","3,062",199,377,72,"5,004","3,157",315,240,74,"5,060","3,157",315,460,57,"5,818","3,337",319,335,61,"5,631","3,391",343,441,78,"5,796","3,173",351,312,56,"5,164","3,379",130,"5,125","1,066",56,"3,201",470,534,98,"5,583","3,428",171,88,"1,064",98,162,261,301,72,694,95%,5%,38%,8%,19%,8%,10%,2%,3%,2%,2%,2%,3%,3%,62%,4%,5%,1%,100%,NA,NA,NA,NA,NA,62%,6%,5%,1%,100%,NA,NA,NA,NA,NA,60%,6%,3%,4%,100%,NA,NA,NA,NA,NA,61%,7%,6%,1%,100%,NA,NA,NA,NA,NA,57%,8%,10%,2%,100%,NA,NA,NA,NA,NA,-5%,4%,5%,1%,0%
320,103061,London,Primary,797,12.2,Low,"5,489",142,"5,631","2,959",51,"1,068",261,275,192,277,44,173,109,105,96,"5,611","3,252",86,228,50,"4,961","2,967",199,379,58,"4,752","3,442",105,257,48,"5,353","3,004",242,393,64,"5,288","3,744",99,215,57,"5,187","3,227",175,457,66,"5,439","3,700",106,207,29,"5,231","3,211",199,"5,104",970,29,"4,026",51,275,44,"5,611","3,428",171,119,"1,068",44,774,-35,47,-6,650,97%,3%,53%,1%,19%,5%,5%,3%,5%,1%,3%,2%,2%,2%,66%,2%,5%,1%,100%,NA,NA,NA,NA,NA,64%,2%,5%,1%,100%,NA,NA,NA,NA,NA,73%,2%,3%,3%,100%,NA,NA,NA,NA,NA,71%,2%,4%,1%,100%,NA,NA,NA,NA,NA,72%,1%,5%,1%,100%,NA,NA,NA,NA,NA,6%,-1%,0%,0%,0%
320,103068,London,Primary,205,7,Low,"5,345",302,"5,647","2,705",169,757,384,623,127,195,71,178,204,318,115,"5,846","2,964",380,415,97,"5,309","2,967",199,379,58,"4,752","3,185",136,453,66,"4,992","3,004",242,393,64,"5,288","3,346",48,518,76,"5,455","3,227",175,457,66,"5,439","3,268",252,527,74,"5,298","3,211",199,"5,291",846,74,"3,463",169,623,71,"5,846","3,428",171,213,757,71,499,-211,208,-26,537,95%,5%,46%,3%,13%,7%,11%,2%,3%,1%,3%,3%,5%,2%,56%,7%,8%,2%,100%,NA,NA,NA,NA,NA,64%,3%,9%,1%,100%,NA,NA,NA,NA,NA,61%,1%,3%,7%,100%,NA,NA,NA,NA,NA,62%,5%,10%,1%,100%,NA,NA,NA,NA,NA,59%,3%,11%,1%,100%,NA,NA,NA,NA,NA,3%,-4%,3%,-1%,0%
320,103069,London,Primary,245,11.7,Low,"5,253",134,"5,387","1,566",648,816,398,839,-69,182,40,196,105,596,108,"5,426","3,165",195,325,39,"5,186","2,967",199,379,58,"4,752","2,908",328,276,67,"5,288","3,004",242,393,64,"5,288","2,836",217,451,80,"5,245","3,227",175,457,66,"5,439","2,282",199,345,76,"4,412","3,211",199,"4,812",807,76,"2,382",648,839,40,"5,426","3,428",171,154,816,40,-783,453,514,1,240,98%,2%,29%,12%,15%,7%,15%,-1%,3%,1%,4%,2%,11%,2%,61%,4%,6%,1%,100%,NA,NA,NA,NA,NA,55%,6%,5%,1%,100%,NA,NA,NA,NA,NA,54%,4%,0%,5%,100%,NA,NA,NA,NA,NA,52%,5%,8%,2%,100%,NA,NA,NA,NA,NA,44%,12%,15%,1%,100%,NA,NA,NA,NA,NA,-17%,8%,9%,0%,0%
320,103070,London,Primary,856,9.1,Low,"5,270",306,"5,577","2,567",149,"1,057",315,524,202,326,15,116,38,129,131,"5,568","3,318",323,363,66,"5,361","2,967",199,379,58,"4,752","3,330",242,548,50,"5,223","3,004",242,393,64,"5,288","3,568",103,670,52,"5,451","3,227",175,457,66,"5,439","3,520",91,497,54,"5,349","3,211",199,"5,338","1,016",54,"3,624",149,524,15,"5,568","3,428",171,323,"1,057",15,306,-174,161,-51,207,95%,5%,46%,3%,19%,6%,9%,4%,6%,0%,2%,1%,2%,2%,62%,6%,7%,1%,100%,NA,NA,NA,NA,NA,64%,5%,10%,1%,100%,NA,NA,NA,NA,NA,66%,2%,2%,2%,100%,NA,NA,NA,NA,NA,66%,2%,9%,1%,100%,NA,NA,NA,NA,NA,65%,3%,9%,0%,100%,NA,NA,NA,NA,NA,3%,-3%,2%,-1%,0%
320,103072,London,Primary,463,12.4,Low,"6,865",375,"7,240","2,686",78,"1,905",986,386,220,302,0,124,101,142,249,"7,177","4,017",215,298,0,"6,417","3,062",199,377,72,"5,004","4,149",250,278,0,"6,549","3,157",315,460,57,"5,818","4,362",194,381,0,"6,738","3,227",175,457,66,"5,439","3,851",330,348,0,"6,158","3,211",199,"6,148","1,357",0,"4,591",78,386,0,"7,177","3,428",171,119,"1,905",0,574,-137,88,0,760,95%,5%,37%,1%,27%,14%,5%,3%,4%,0%,2%,1%,2%,3%,63%,3%,5%,0%,100%,NA,NA,NA,NA,NA,63%,4%,4%,0%,100%,NA,NA,NA,NA,NA,65%,3%,1%,2%,100%,NA,NA,NA,NA,NA,63%,5%,6%,0%,100%,NA,NA,NA,NA,NA,64%,1%,5%,0%,100%,NA,NA,NA,NA,NA,1%,-2%,0%,0%,0%
320,103073,London,Primary,182,11,Low,"5,600",812,"6,413","2,541",328,960,650,825,257,147,81,219,139,427,146,"6,719","3,230",318,316,54,"5,274","2,967",199,379,58,"4,752",SUPP,602,279,SUPP,"5,976","3,004",242,393,64,"5,288","2,779",291,364,110,"5,617","3,227",175,457,66,"5,439","2,788",365,314,64,"4,919","3,211",199,"4,833",733,64,"3,501",328,825,81,"6,719","3,428",171,103,960,81,271,10,509,27,"1,445",87%,13%,38%,5%,14%,10%,12%,4%,2%,1%,3%,2%,6%,2%,61%,6%,6%,1%,100%,NA,NA,NA,NA,NA,SUPP,10%,5%,SUPP,100%,NA,NA,NA,NA,NA,49%,5%,-2%,5%,100%,NA,NA,NA,NA,NA,57%,7%,6%,1%,100%,NA,NA,NA,NA,NA,52%,5%,12%,1%,100%,NA,NA,NA,NA,NA,-9%,-1%,6%,0%,0%
320,103074,London,Primary,419,6.7,Low,"4,971",316,"5,288","2,344",158,938,289,429,159,338,64,127,96,57,78,"5,077","2,967",138,355,78,"4,552","2,967",199,379,58,"4,752","3,000",247,409,67,"4,925","3,004",242,393,64,"5,288","2,952",264,380,74,"5,308","3,227",175,457,66,"5,439","3,150",128,425,25,"4,850","3,211",199,"5,034",870,25,"3,282",158,429,64,"5,077","3,428",171,186,938,64,315,20,74,-14,525,94%,6%,46%,3%,18%,6%,8%,3%,7%,1%,3%,2%,1%,2%,65%,3%,8%,2%,100%,NA,NA,NA,NA,NA,61%,5%,8%,1%,100%,NA,NA,NA,NA,NA,55%,5%,3%,3%,100%,NA,NA,NA,NA,NA,65%,3%,9%,1%,100%,NA,NA,NA,NA,NA,65%,3%,8%,1%,100%,NA,NA,NA,NA,NA,0%,0%,0%,-1%,0%
320,103075,London,Primary,517,10.9,Low,"5,735",411,"6,146","2,737",632,861,404,543,168,338,157,183,82,181,128,"6,413","2,804",297,339,73,"4,595","2,967",199,379,58,"4,752","3,004",158,405,79,"5,091","3,004",242,393,64,"5,288","3,058",164,382,33,"5,420","3,227",175,457,66,"5,439","2,643",690,497,59,"5,224","3,211",199,"5,111",910,59,"3,597",632,543,157,"6,413","3,428",171,309,861,157,793,335,204,84,"1,818",93%,7%,43%,10%,13%,6%,8%,3%,5%,2%,3%,1%,3%,2%,61%,6%,7%,2%,100%,NA,NA,NA,NA,NA,59%,3%,8%,2%,100%,NA,NA,NA,NA,NA,57%,3%,2%,3%,100%,NA,NA,NA,NA,NA,51%,13%,10%,1%,100%,NA,NA,NA,NA,NA,56%,10%,8%,2%,100%,NA,NA,NA,NA,NA,-5%,4%,1%,0%,0%
320,103077,London,Primary,804,10.4,Low,"5,537",202,"5,739","2,441",61,"1,323",393,444,177,340,69,134,135,275,165,"5,958","2,687",105,379,102,"4,491","3,062",199,377,72,"5,004","2,773",167,366,78,"4,888","3,004",242,393,64,"5,288","2,932",185,389,32,"5,284","3,227",175,457,66,"5,439","3,201",51,300,62,"4,929","3,211",199,"5,046","1,162",62,"3,763",61,444,69,"5,958","3,428",171,108,"1,323",69,"1,076",-44,65,-33,"1,467",96%,4%,41%,1%,22%,7%,7%,3%,6%,1%,2%,2%,5%,3%,60%,2%,8%,2%,100%,NA,NA,NA,NA,NA,57%,3%,7%,2%,100%,NA,NA,NA,NA,NA,56%,4%,-1%,7%,100%,NA,NA,NA,NA,NA,65%,1%,6%,1%,100%,NA,NA,NA,NA,NA,63%,1%,7%,1%,100%,NA,NA,NA,NA,NA,3%,-1%,-1%,-1%,0%
320,103078,London,Primary,275,6.3,Low,"5,583",496,"6,079","2,814",58,975,380,631,28,347,61,263,53,138,225,"5,973","3,109",199,426,68,"5,172","2,967",199,379,58,"4,752","3,513",168,526,59,"5,967","3,004",242,393,64,"5,288","3,540",163,636,83,"6,155","3,227",175,457,66,"5,439","3,499",47,557,41,"5,446","3,211",199,"5,362",892,41,"3,789",58,631,61,"5,973","3,428",171,424,975,61,680,-141,205,-7,801,92%,8%,47%,1%,16%,6%,11%,0%,6%,1%,4%,1%,2%,4%,60%,4%,8%,1%,100%,NA,NA,NA,NA,NA,59%,3%,9%,1%,100%,NA,NA,NA,NA,NA,57%,3%,4%,3%,100%,NA,NA,NA,NA,NA,64%,1%,10%,1%,100%,NA,NA,NA,NA,NA,63%,1%,11%,1%,100%,NA,NA,NA,NA,NA,3%,-3%,3%,0%,0%
320,103079,London,Primary,504,12,Low,"5,273",112,"5,385","2,401",45,"1,210",337,532,119,65,71,153,44,196,60,"5,233","3,085",194,374,47,"4,741","3,062",199,377,72,"5,004","3,284",142,605,32,"5,402","3,004",242,393,64,"5,288","3,372",165,641,100,"5,200","3,227",175,457,66,"5,439",NA,NA,NA,NA,NA,NA,NA,NA,NA,NA,"3,611",45,532,71,"5,233","3,428",171,NA,"1,210",71,526,-149,158,24,492,98%,2%,46%,1%,23%,6%,10%,2%,1%,1%,3%,1%,4%,1%,65%,4%,8%,1%,100%,NA,NA,NA,NA,NA,61%,3%,11%,1%,100%,NA,NA,NA,NA,NA,65%,3%,-1%,4%,100%,NA,NA,NA,NA,NA,NA,NA,NA,NA,100%,NA,NA,NA,NA,NA,69%,1%,10%,1%,100%,NA,NA,NA,NA,NA,4%,-3%,2%,0%,0%
320,103081,London,Primary,531,16.1,Low,"5,156",323,"5,480","2,072",298,"1,153",444,337,271,197,48,248,111,123,90,"5,391","2,571",449,485,138,"5,004","2,693",318,436,102,"5,044","2,647",405,372,102,"5,121","2,647",405,674,102,"5,121","2,749",425,378,145,"5,207","3,391",343,441,78,"5,796","3,019",389,344,100,"5,337","3,379",130,"5,226",987,100,"3,225",298,337,48,"5,391","3,428",171,186,"1,153",48,654,-151,-148,-90,387,94%,6%,38%,6%,21%,8%,6%,5%,4%,1%,5%,2%,2%,2%,51%,9%,10%,3%,100%,NA,NA,NA,NA,NA,52%,8%,7%,2%,100%,NA,NA,NA,NA,NA,53%,8%,3%,4%,100%,NA,NA,NA,NA,NA,57%,7%,6%,2%,100%,NA,NA,NA,NA,NA,60%,6%,6%,1%,100%,NA,NA,NA,NA,NA,9%,-3%,-4%,-2%,0%
320,103082,London,Primary,314,11.5,Low,"5,406",187,"5,592","2,431",276,867,368,412,156,329,41,246,106,170,124,"5,525","2,835",126,438,47,"4,668","3,062",199,377,72,"5,004","2,862",192,395,45,"4,945","3,157",315,460,57,"5,818","2,988",141,407,77,"5,028","3,227",175,457,66,"5,439","3,445",66,464,92,"5,628","3,211",199,"5,631",925,92,"3,297",276,412,41,"5,525","3,428",171,101,867,41,462,150,-26,-6,857,97%,3%,44%,5%,16%,7%,7%,3%,6%,1%,4%,2%,3%,2%,61%,3%,9%,1%,100%,NA,NA,NA,NA,NA,58%,4%,8%,1%,100%,NA,NA,NA,NA,NA,59%,3%,2%,6%,100%,NA,NA,NA,NA,NA,61%,1%,8%,2%,100%,NA,NA,NA,NA,NA,60%,5%,7%,1%,100%,NA,NA,NA,NA,NA,-1%,2%,-2%,0%,0%
320,130343,London,Primary,444,9.4,Low,"5,199",340,"5,538","2,449",21,"1,080",373,518,148,287,76,165,62,33,184,"5,396",SUPP,205,404,70,"4,966","3,062",199,377,72,"5,004","2,874",586,542,64,"5,536","3,004",242,393,64,"5,288","3,644",67,492,66,"5,901","3,227",175,457,66,"5,439","3,299",76,489,72,"5,183","3,211",199,"5,453",980,72,"3,529",21,518,76,"5,396","3,428",171,340,"1,080",76,NA,-184,114,6,430,94%,6%,45%,0%,20%,7%,10%,3%,5%,1%,3%,1%,1%,3%,55%,4%,8%,1%,100%,NA,NA,NA,NA,NA,52%,11%,10%,1%,100%,NA,NA,NA,NA,NA,62%,1%,3%,4%,100%,NA,NA,NA,NA,NA,64%,1%,9%,1%,100%,NA,NA,NA,NA,NA,65%,0%,10%,1%,100%,NA,NA,NA,NA,NA,10%,-4%,2%,0%,0%
320,131057,London,Primary,193,7.4,Low,"5,931",160,"6,091","3,099",315,818,411,603,153,351,145,104,113,126,235,"6,474",SUPP,400,481,94,"5,611","3,062",199,377,72,"5,004","3,663",797,537,89,"7,173","3,004",242,393,64,"5,288","3,707",366,503,82,"6,018","3,391",343,441,78,"5,796","3,251",110,507,106,"5,262","3,379",130,"5,265",852,106,"3,917",315,603,145,"6,474","3,428",171,150,818,145,NA,-85,122,51,863,97%,3%,48%,5%,13%,6%,9%,2%,5%,2%,2%,2%,2%,4%,57%,7%,9%,2%,100%,NA,NA,NA,NA,NA,51%,11%,7%,1%,100%,NA,NA,NA,NA,NA,62%,6%,2%,3%,100%,NA,NA,NA,NA,NA,62%,2%,10%,2%,100%,NA,NA,NA,NA,NA,61%,5%,9%,2%,100%,NA,NA,NA,NA,NA,4%,-2%,0%,0%,0%
320,103084,London,Primary,401,7.5,Low,"4,638",450,"5,088","2,318",169,814,313,571,289,141,64,153,57,31,92,"5,012","2,873",96,536,43,"4,296","2,967",199,379,58,"4,752","3,110",67,680,53,"5,094","3,004",242,393,64,"5,288","3,140",87,535,43,"4,941","3,227",175,457,66,"5,439","3,321",73,541,45,"4,976","3,211",199,"4,961",807,45,"3,133",169,571,64,"5,012","3,428",171,405,814,64,260,73,35,21,716,91%,9%,46%,3%,16%,6%,11%,6%,3%,1%,3%,1%,1%,2%,67%,2%,12%,1%,100%,NA,NA,NA,NA,NA,61%,1%,13%,1%,100%,NA,NA,NA,NA,NA,63%,2%,5%,4%,100%,NA,NA,NA,NA,NA,67%,1%,11%,1%,100%,NA,NA,NA,NA,NA,63%,3%,11%,1%,100%,NA,NA,NA,NA,NA,-4%,1%,-1%,0%,0%
320,103085,London,Primary,217,3.2,Low,"4,655",247,"4,902","2,025",309,538,390,530,80,231,36,488,62,107,100,"4,895","2,162",645,538,54,"4,588","2,967",199,379,58,"4,752","2,209",405,456,49,"4,675","3,004",242,393,64,"5,288","2,130",486,660,53,"4,627","3,227",175,457,66,"5,439","2,486",245,470,45,"4,564","3,211",199,"4,662",495,45,"2,563",309,530,36,"4,895","3,428",171,26,538,36,401,-336,-8,-18,307,95%,5%,41%,6%,11%,8%,11%,2%,5%,1%,10%,1%,2%,2%,47%,14%,12%,1%,100%,NA,NA,NA,NA,NA,47%,9%,10%,1%,100%,NA,NA,NA,NA,NA,46%,11%,2%,5%,100%,NA,NA,NA,NA,NA,54%,5%,10%,1%,100%,NA,NA,NA,NA,NA,52%,6%,11%,1%,100%,NA,NA,NA,NA,NA,5%,-8%,-1%,0%,0%
320,103086,London,Primary,213,10.3,Low,"5,514",405,"5,919","2,789",38,"1,753",330,418,-33,85,70,184,82,88,63,"5,867","3,231",113,436,80,"5,042","3,062",199,377,72,"5,004","3,708",177,507,68,"5,637","3,004",242,393,64,"5,288","3,910",18,526,68,"5,469","3,227",175,457,66,"5,439","4,119",97,375,76,"5,680","3,211",199,"5,535","1,695",76,"4,541",38,418,70,"5,867","3,428",171,436,"1,753",70,"1,310",-75,-18,-10,825,93%,7%,48%,1%,30%,6%,7%,-1%,1%,1%,3%,1%,2%,1%,64%,2%,9%,2%,100%,NA,NA,NA,NA,NA,66%,3%,9%,1%,100%,NA,NA,NA,NA,NA,72%,0%,1%,3%,100%,NA,NA,NA,NA,NA,73%,2%,7%,1%,100%,NA,NA,NA,NA,NA,77%,1%,7%,1%,100%,NA,NA,NA,NA,NA,13%,-1%,-2%,-1%,0%
320,103090,London,Primary,195,14.6,Low,"6,032",423,"6,455","2,176",198,"1,317",455,411,307,331,41,126,208,158,36,"5,763","3,132",89,460,81,"4,510","2,967",199,379,58,"4,752","3,082",371,454,68,"5,382","3,004",242,393,64,"5,288","3,559",458,463,65,"6,092","3,227",175,457,66,"5,439","2,935",542,434,108,"5,683","3,211",199,"5,254","1,202",108,"3,493",198,411,41,"5,763","3,428",171,299,"1,317",41,361,109,-49,-40,"1,253",93%,7%,38%,3%,23%,8%,7%,5%,6%,1%,2%,4%,3%,1%,69%,2%,10%,2%,100%,NA,NA,NA,NA,NA,57%,7%,8%,1%,100%,NA,NA,NA,NA,NA,58%,8%,5%,3%,100%,NA,NA,NA,NA,NA,52%,10%,8%,2%,100%,NA,NA,NA,NA,NA,61%,3%,7%,1%,100%,NA,NA,NA,NA,NA,-8%,1%,-3%,-1%,0%
320,135193,London,Primary,422,11.3,Low,"5,212",244,"5,456","2,382",249,"1,008",386,611,165,119,57,149,86,139,70,"5,420","3,112",134,338,72,"4,604","2,967",199,379,58,"4,752","3,001",511,493,87,"5,083","3,004",242,393,64,"5,288","2,808",625,538,97,"5,317","3,227",175,457,66,"5,439","2,962",345,595,38,"5,018","3,211",199,"4,992",867,38,"3,391",249,611,57,"5,420","3,428",171,264,"1,008",57,279,115,273,-15,816,96%,4%,44%,5%,19%,7%,11%,3%,2%,1%,3%,2%,3%,1%,68%,3%,7%,2%,100%,NA,NA,NA,NA,NA,59%,10%,10%,2%,100%,NA,NA,NA,NA,NA,53%,12%,4%,4%,100%,NA,NA,NA,NA,NA,59%,7%,12%,1%,100%,NA,NA,NA,NA,NA,63%,5%,11%,1%,100%,NA,NA,NA,NA,NA,-5%,2%,4%,-1%,0%
320,103080,London,Secondary with KS4,"1,434",16.8,Low,"6,746",96,"6,841","2,998",592,"1,261",376,556,148,194,98,166,58,151,132,"6,729","3,871",417,562,89,"6,157","4,807",158,689,106,"7,589","3,932",482,590,87,"6,456","4,648",204,434,96,"7,284","4,098",426,623,82,"6,537","4,804",254,851,94,"7,509","4,006",578,599,82,"6,435","4,581",299,"6,369","1,170",82,"4,259",592,556,98,"6,729","4,337",182,131,"1,261",98,388,175,-6,9,572,99%,1%,45%,9%,19%,6%,8%,2%,3%,1%,2%,1%,2%,2%,63%,7%,9%,1%,100%,NA,NA,NA,NA,NA,61%,7%,9%,1%,100%,NA,NA,NA,NA,NA,63%,7%,4%,4%,100%,NA,NA,NA,NA,NA,62%,9%,9%,1%,100%,NA,NA,NA,NA,NA,63%,9%,8%,1%,100%,NA,NA,NA,NA,NA,0%,2%,-1%,0%,0%
320,103094,London,Secondary with KS4,870,18,Low,"8,211",264,"8,474","3,383",136,"1,374",998,894,80,151,176,290,26,316,407,"8,231","4,929",151,997,129,"8,189","4,807",158,689,106,"7,589","5,197",250,758,115,"8,595","4,648",204,434,96,"7,284","4,969",230,934,117,"8,510","4,804",254,851,94,"7,509","4,957",132,852,117,"8,289","4,581",299,"8,440","1,270",117,"4,756",136,894,176,"8,231","4,337",182,176,"1,374",176,-173,-15,-103,47,42,97%,3%,41%,2%,17%,12%,11%,1%,2%,2%,4%,0%,4%,5%,60%,2%,12%,2%,100%,NA,NA,NA,NA,NA,60%,3%,9%,1%,100%,NA,NA,NA,NA,NA,58%,3%,1%,4%,100%,NA,NA,NA,NA,NA,60%,2%,10%,1%,100%,NA,NA,NA,NA,NA,58%,2%,11%,2%,100%,NA,NA,NA,NA,NA,-2%,0%,-1%,0%,0%
320,103096,London,Secondary with KS4,895,18.6,Low,"6,288",156,"6,445","3,440",291,772,476,714,116,198,104,200,16,180,204,"6,713","4,284",307,512,101,"6,984","4,807",158,689,106,"7,589","4,579",199,518,125,"7,035","4,648",204,434,96,"7,284","4,691",254,500,106,"7,074","4,804",254,851,94,"7,509","4,368",264,515,118,"6,641","4,581",299,"6,571",894,118,"4,212",291,714,104,"6,713","4,337",182,146,772,104,-72,-16,202,3,-271,98%,2%,51%,4%,12%,7%,11%,2%,3%,2%,3%,0%,3%,3%,61%,4%,7%,1%,100%,NA,NA,NA,NA,NA,65%,3%,7%,2%,100%,NA,NA,NA,NA,NA,66%,4%,1%,3%,100%,NA,NA,NA,NA,NA,66%,4%,8%,2%,100%,NA,NA,NA,NA,NA,63%,4%,11%,2%,100%,NA,NA,NA,NA,NA,2%,0%,4%,1%,0%
320,103097,London,Secondary with KS4,"1,121",14.5,Low,"7,113",133,"7,246","3,676",160,905,886,523,129,115,31,182,95,95,332,"7,128","4,165",142,480,34,"6,961","4,390",164,560,95,"6,920","4,457",187,407,26,"7,106","4,486",187,441,83,"7,106","4,573",195,381,20,"7,244","4,668",138,629,103,"7,166","4,626",243,460,22,"7,205","4,573",217,"7,078",875,22,"4,581",160,523,31,"7,128","4,337",182,184,905,31,416,18,43,-3,167,98%,2%,52%,2%,13%,12%,7%,2%,2%,0%,3%,1%,1%,5%,60%,2%,7%,0%,100%,NA,NA,NA,NA,NA,63%,3%,6%,0%,100%,NA,NA,NA,NA,NA,63%,3%,2%,4%,100%,NA,NA,NA,NA,NA,64%,3%,6%,0%,100%,NA,NA,NA,NA,NA,64%,2%,7%,0%,100%,NA,NA,NA,NA,NA,4%,0%,0%,0%,0%
320,103100,London,Secondary with KS4,804,16.9,Low,"6,998",57,"7,054","3,436",197,786,416,681,78,182,112,196,79,219,442,"6,825","4,685",100,633,111,"6,989","4,807",158,689,106,"7,589","4,585",58,626,105,"6,832","4,648",204,434,96,"7,284","4,415",74,608,143,"6,783","4,668",138,629,103,"7,166","4,601",217,656,128,"7,472","4,573",217,"7,647",878,128,"4,222",197,681,112,"6,825","4,337",182,83,786,112,-463,97,48,1,-164,99%,1%,50%,3%,12%,6%,10%,1%,3%,2%,3%,1%,3%,6%,67%,1%,9%,2%,100%,NA,NA,NA,NA,NA,67%,1%,9%,2%,100%,NA,NA,NA,NA,NA,65%,1%,2%,4%,100%,NA,NA,NA,NA,NA,62%,3%,9%,2%,100%,NA,NA,NA,NA,NA,62%,3%,10%,2%,100%,NA,NA,NA,NA,NA,-5%,2%,1%,0%,0%
320,103101,London,Secondary with KS4,813,14.1,Low,"6,883",324,"7,207","3,759",167,752,638,790,-29,137,92,268,93,225,333,"7,224","4,442",238,713,92,"6,879","4,390",164,560,95,"6,920","4,383",284,859,80,"7,149","4,486",187,441,83,"7,106","4,737",182,859,111,"7,380","4,668",138,629,103,"7,166","4,400",244,832,119,"6,803","4,573",217,"7,067",822,119,"4,512",167,790,92,"7,224","4,337",182,456,752,92,70,-71,77,0,345,95%,5%,52%,2%,10%,9%,11%,0%,2%,1%,4%,1%,3%,5%,65%,3%,10%,1%,100%,NA,NA,NA,NA,NA,61%,4%,12%,1%,100%,NA,NA,NA,NA,NA,64%,2%,3%,3%,100%,NA,NA,NA,NA,NA,65%,4%,12%,2%,100%,NA,NA,NA,NA,NA,62%,2%,11%,1%,100%,NA,NA,NA,NA,NA,-3%,-1%,1%,0%,0%
320,103103,London,Secondary with KS4,890,13.8,Low,"6,683",230,"6,912","3,844",199,681,423,704,97,89,100,205,100,171,378,"6,990","4,502",185,640,99,"7,064","4,390",164,560,95,"6,920","4,486",188,653,111,"7,053","4,486",187,441,83,"7,106","4,680",151,649,124,"7,087","4,668",138,629,103,"7,166","4,750",167,695,116,"7,126","4,573",217,"6,878",783,116,"4,525",199,704,100,"6,990","4,337",182,192,681,100,23,14,64,1,-74,97%,3%,55%,3%,10%,6%,10%,1%,1%,1%,3%,1%,2%,5%,64%,3%,9%,1%,100%,NA,NA,NA,NA,NA,64%,3%,9%,2%,100%,NA,NA,NA,NA,NA,66%,2%,1%,3%,100%,NA,NA,NA,NA,NA,67%,2%,10%,2%,100%,NA,NA,NA,NA,NA,65%,3%,10%,1%,100%,NA,NA,NA,NA,NA,1%,0%,1%,0%,0%
320,103105,London,Secondary with KS4,844,20.7,Medium,"7,157",125,"7,282","3,985",205,794,415,785,163,126,60,153,133,129,260,"7,207","4,473",145,668,56,"7,152","4,473",145,668,56,"7,152","4,711",209,761,70,"7,532","4,648",204,434,96,"7,284","4,804",277,851,94,"7,509","4,804",254,851,94,"7,509","4,772",299,837,54,"7,164","4,581",299,"7,020",837,54,"4,778",205,785,60,"7,207","4,857",263,135,794,60,305,60,117,4,55,98%,2%,55%,3%,11%,6%,11%,2%,2%,1%,2%,2%,2%,4%,63%,2%,9%,1%,100%,NA,NA,NA,NA,NA,63%,3%,10%,1%,100%,NA,NA,NA,NA,NA,64%,4%,3%,2%,100%,NA,NA,NA,NA,NA,67%,4%,12%,1%,100%,NA,NA,NA,NA,NA,66%,3%,11%,1%,100%,NA,NA,NA,NA,NA,3%,1%,2%,0%,0%
320,133287,London,Secondary with KS4,696,21.1,Medium,"8,331",161,"8,492","4,184",322,753,100,"2,549",76,37,0,143,4,6,381,"8,557","5,137",105,"2,421",0,"8,779","4,807",158,689,106,"7,589","5,234",118,"2,486",0,"8,906","4,648",204,434,96,"7,284","4,920",132,"2,372",0,"8,484","4,804",254,851,94,"7,509","4,922",435,"2,293",0,"8,559","4,581",299,"8,586",883,0,"4,937",322,"2,549",0,"8,557","4,857",263,119,753,0,-200,217,128,0,-222,98%,2%,49%,4%,9%,1%,30%,1%,0%,0%,2%,0%,0%,4%,59%,1%,28%,0%,100%,NA,NA,NA,NA,NA,59%,1%,28%,0%,100%,NA,NA,NA,NA,NA,58%,2%,1%,3%,100%,NA,NA,NA,NA,NA,58%,5%,27%,0%,100%,NA,NA,NA,NA,NA,58%,4%,30%,0%,100%,NA,NA,NA,NA,NA,-1%,3%,2%,0%,0%
320,103106,London,Secondary with KS4,"1,194",9,Low,"5,947",187,"6,134","3,816",34,710,399,518,51,66,83,148,101,39,149,"6,113","4,338",29,395,112,"6,648","4,390",164,560,95,"6,920","4,678",67,422,134,"6,583","4,486",187,441,83,"7,106","4,794",45,534,95,"6,461","4,668",138,629,103,"7,166","4,794",23,539,66,"6,276","4,573",217,"6,256",724,66,"4,526",34,518,83,"6,113","4,337",182,73,710,83,188,5,123,-29,-535,97%,3%,62%,1%,12%,7%,8%,1%,1%,1%,2%,2%,1%,2%,65%,0%,6%,2%,100%,NA,NA,NA,NA,NA,71%,1%,6%,2%,100%,NA,NA,NA,NA,NA,74%,1%,1%,2%,100%,NA,NA,NA,NA,NA,76%,0%,9%,1%,100%,NA,NA,NA,NA,NA,74%,1%,8%,1%,100%,NA,NA,NA,NA,NA,9%,1%,2%,-1%,0%
320,103088,London,Primary,438,9.4,Low,"5,040",449,"5,489","2,113",550,820,384,730,202,253,63,251,49,187,68,"5,671","2,692",283,380,55,"4,520","2,967",199,379,58,"4,752","2,960",204,414,72,"4,797","3,004",242,393,64,"5,288","2,657",206,369,55,"4,665","3,227",175,457,66,"5,439","2,796",464,544,53,"5,104","3,211",199,"5,348",797,53,"2,934",550,730,63,"5,671","3,428",171,429,820,63,242,267,350,8,"1,151",92%,8%,37%,10%,14%,7%,13%,4%,4%,1%,4%,1%,3%,1%,60%,6%,8%,1%,100%,NA,NA,NA,NA,NA,62%,4%,9%,2%,100%,NA,NA,NA,NA,NA,57%,4%,-2%,5%,100%,NA,NA,NA,NA,NA,55%,9%,11%,1%,100%,NA,NA,NA,NA,NA,52%,10%,13%,1%,100%,NA,NA,NA,NA,NA,-8%,4%,5%,0%,0%
320,131697,London,Special,44,54.5,High,"37,328",379,"37,707","17,441","1,135","8,928","2,468","5,889",410,343,449,819,255,837,204,"39,177","18,040",591,"3,550",219,"28,493","18,040",591,"2,318",272,"25,983","17,729",893,"3,169",386,"27,819","17,729",893,"1,695",386,"27,819","17,895",642,"3,470",315,"24,926","17,895",642,"3,470",315,"24,926","18,433",298,"3,575",281,"26,767","18,433",298,"27,492","6,997",281,"26,369","1,135","5,889",449,"39,177","26,369","1,135",294,"8,928",449,"8,329",544,"2,339",230,"10,684",99%,1%,45%,3%,23%,6%,15%,1%,1%,1%,2%,1%,2%,1%,63%,2%,12%,1%,100%,NA,NA,NA,NA,NA,64%,3%,11%,1%,100%,NA,NA,NA,NA,NA,72%,3%,2%,1%,100%,NA,NA,NA,NA,NA,69%,1%,13%,1%,100%,NA,NA,NA,NA,NA,67%,3%,15%,1%,100%,NA,NA,NA,NA,NA,4%,1%,3%,0%,0%
LA,Waltham Forest,London,Nursery,,,Low,"7,488",251,"7,739","2,470",14,"3,706",635,797,0,42,89,66,141,59,534,"7,805"
LA-PRI,Waltham Forest,London,Primary,,,Low,"5,446",306,"5,611","2,436",171,992,385,531,158,251,64,169,88,164,125,"5,597"
LA-PRU,Waltham Forest,London,Pupil referral unit,,,Medium,"32,702","5,608","38,310","13,828","2,428","8,793","1,102","1,602",219,328,216,"3,021",9,"7,828",720,"40,094"
LA-SEC-WITH-KS4,Waltham Forest,London,Secondary with KS4,,,Low,"6,814",172,"6,983","3,558",182,779,450,693,88,144,99,198,86,176,332,"6,907"
LA-SEC-WITH-KS4,Waltham Forest,London,Secondary with KS4,,,Medium,"7,744",143,"7,887","4,084",263,773,258,"1,667",119,82,30,148,69,68,321,"7,882"
LA-SPE,Waltham Forest,London,Special,,,High,"37,328",379,"37,707","17,441","1,135","8,928","2,468","5,889",410,343,449,819,255,837,204,"39,177"
NAT-PRI,,,Primary,,,,"4,714",170,"4,916","2,239",106,856,302,392,184,180,58,194,51,88,96,"4,893"
NAT-SPE,,,Special,,,,"21,987",481,"22,765","8,241",338,"7,578","1,337","1,723",282,724,254,638,181,317,152,"22,666"
NAT-SEC-WITH-KS4,,,Secondary with KS4,,,,"5,605",159,"5,849","3,219",114,598,372,542,53,108,91,211,63,66,227,"5,872"
NAT-SEC-WITHOUT-KS4,,,Secondary without KS4,,,,"4,567",172,"4,779","2,613",111,538,298,402,42,165,58,230,38,68,126,"4,734"
NAT-PRU,,,Pupil referral unit,,,,"40,151","1,378","43,622","18,642","1,995","6,981","2,039","4,655",330,"1,065",295,"1,547",375,"1,370",529,"43,408"
LONDON,,London,Nursery,,,High,"14,251",251,"14,502","3,550",189,"5,131",879,"1,427",393,583,135,108,10,270,333,"14,206"
LONDON,,London,Nursery,,,Low,"9,505","1,113","10,602","2,793",111,"4,022",820,"1,180",84,389,83,152,64,112,278,"10,405"
LONDON,,London,Nursery,,,Medium,"12,212",361,"12,777","3,693",138,"4,217",846,"1,374",112,336,69,145,95,261,110,"11,439"
LONDON-PRI,,London,Primary,,,High,"7,300",120,"7,496","3,169",234,"1,435",477,614,307,240,75,204,72,262,126,"7,396"
LONDON-PRI,,London,Primary,,,Low,"5,329",193,"5,539","2,509",154,981,341,445,175,186,58,193,57,116,109,"5,524"
LONDON-PRI,,London,Primary,,,Medium,"6,759",165,"6,994","2,906",189,"1,331",430,560,246,225,67,215,65,203,137,"6,863"
LONDON-PRU,,London,Pupil referral unit,,,High,"39,359",636,"39,941","18,642","3,954","6,873","2,829","4,701",394,465,275,720,342,"1,742",648,"39,356"
LONDON-PRU,,London,Pupil referral unit,,,Low,"28,198","4,033","30,935","14,279","1,873","4,032","1,359","2,568",273,381,77,975,553,"2,443",165,"30,152"
LONDON-PRU,,London,Pupil referral unit,,,Medium,"29,366",699,"30,065","13,828","2,428","4,620","1,102","3,070",447,279,217,"1,403",257,"1,733",277,"28,067"
LONDON-SEC-WITH-KS4,,London,Secondary with KS4,,,High,"8,816",132,"8,934","4,502",236,"1,009",574,905,187,174,121,336,162,185,336,"8,726"
LONDON-SEC-WITH-KS4,,London,Secondary with KS4,,,Low,"6,286",184,"6,517","3,656",163,615,431,615,65,124,92,221,74,91,220,"6,598"
LONDON-SEC-WITH-KS4,,London,Secondary with KS4,,,Medium,"8,166",102,"8,235","4,385",217,840,513,730,136,147,97,306,104,165,266,"8,175"
LONDON-SEC-WITHOUT-KS4,,London,Secondary without KS4,,,Low,"4,918",76,"4,994","2,467",151,767,271,377,145,241,50,124,76,80,100,"4,849"
LONDON-SEC-WITHOUT-KS4,,London,Secondary without KS4,,,Medium,"7,216",192,"7,408","3,252",159,"2,054",351,784,194,205,82,320,109,78,106,"7,694"
LONDON-SPE,,London,Special,,,High,"31,036",445,"31,539","10,858",792,"8,917","2,076","2,517",373,886,321,791,255,782,157,"31,892"
LONDON-SPE,,London,Special,,,Low,"22,274",148,"22,324","10,720",241,"2,679",131,"2,173",12,365,0,540,569,435,44,"22,429"
LONDON-SPE,,London,Special,,,Medium,"27,039",541,"27,963","9,670",553,"9,829","1,293","2,176",249,682,260,613,232,595,182,"28,610"
NON-LONDON,,Non-London,Nursery,,,High,"5,756",695,"8,212","1,906",31,"3,128",637,955,124,142,107,90,52,89,137,"8,205"
NON-LONDON,,Non-London,Nursery,,,Low,"7,211",776,"8,210","2,393",78,"2,838",564,923,24,260,90,150,37,58,183,"8,227"
NON-LONDON,,Non-London,Nursery,,,Medium,"6,742",812,"8,862","1,936",78,"2,366",432,"1,563",104,345,52,212,16,60,116,"8,703"
NON-LONDON-PRI,,Non-London,Primary,,,High,"5,814",110,"6,004","2,501",122,"1,194",392,484,251,220,73,215,51,132,105,"5,899"
NON-LONDON-PRI,,Non-London,Primary,,,Low,"4,467",182,"4,685","2,177",99,784,285,375,177,173,55,190,50,78,93,"4,654"
NON-LONDON-PRI,,Non-London,Primary,,,Medium,"5,230",116,"5,371","2,307",116,"1,086",342,414,212,194,64,205,49,109,99,"5,326"
NON-LONDON-PRU,,Non-London,Pupil referral unit,,,High,"37,832","1,079","40,258","15,649","1,857","7,113","2,017","3,898",344,"1,116",335,"1,722",309,949,547,"40,247"
NON-LONDON-PRU,,Non-London,Pupil referral unit,,,Low,"79,069","5,461","84,494","47,416","2,022","15,513","3,981","8,349",319,"2,333",526,"2,182","1,038","2,547",705,"94,523"
NON-LONDON-PRU,,Non-London,Pupil referral unit,,,Medium,"36,218","1,087","38,042","18,152","1,988","6,131","1,827","4,358",272,"1,177",270,"1,590",368,"1,331",522,"39,042"
NON-LONDON-SEC-WITH-KS4,,Non-London,Secondary with KS4,,,High,"6,690",144,"6,820","3,751",134,709,528,704,157,131,128,153,56,207,241,"6,874"
NON-LONDON-SEC-WITH-KS4,,Non-London,Secondary with KS4,,,Low,"5,267",167,"5,467","3,110",99,555,339,493,36,98,86,193,59,57,224,"5,494"
NON-LONDON-SEC-WITH-KS4,,Non-London,Secondary with KS4,,,Medium,"6,387",133,"6,508","3,383",138,753,460,644,113,126,109,234,65,75,233,"6,700"
NON-LONDON-SEC-WITHOUT-KS4,,Non-London,Secondary without KS4,,,Low,"4,488",172,"4,685","2,617",99,523,294,400,41,165,57,229,38,66,126,"4,724"
NON-LONDON-SEC-WITHOUT-KS4,,Non-London,Secondary without KS4,,,Medium,"4,974",361,"5,336","2,347",205,793,366,503,217,193,83,335,5,77,191,"5,314"
NON-LONDON-SPE,,Non-London,Special,,,High,"21,541",460,"22,523","8,277",395,"7,063","1,343","1,764",319,746,247,654,180,350,156,"22,508"
NON-LONDON-SPE,,Non-London,Special,,,Low,"22,689",500,"23,550","8,077",282,"8,284","1,221","1,766",161,695,284,764,176,121,118,"22,899"
NON-LONDON-SPE,,Non-London,Special,,,Medium,"21,208",493,"21,701","7,716",297,"7,752","1,287","1,485",252,674,248,600,170,226,146,"21,411"