RECTYPE,ALPHAIND,LEA,ESTAB,URN,SCHNAME,SCHNAME_AC,ADDRESS1,ADDRESS2,ADDRESS3,TOWN,PCODE,TELNUM,CONTFLAG,ICLOSE,NFTYPE,RELDENOM,ADMPOL,ADMPOL_2017,EGENDER,FEEDER,TABKS2,TAB1618,AGERANGE,CONFEXAM,TOTPUPS,NUMBOYS,NUMGIRLS,TPUP,BPUP,PBPUP,GPUP,PGPUP,KS2APS,TPRIORLO,PTPRIORLO,TPRIORAV,PTPRIORAV,TPRIORHI,PTPRIORHI,TFSM6CLA1A,PTFSM6CLA1A,TNOTFSM6CLA1A,PTNOTFSM6CLA1A,TEALGRP2,PTEALGRP2,TEALGRP1,PTEALGRP1,TEALGRP3,PTEALGRP3,TNMOB,PTNMOB,SENSE4,PSENSE4,SENAPK4,PSENAPK4,TOTATT8,ATT8SCR,TOTATT8ENG,ATT8SCRENG,TOTATT8MAT,ATT8SCRMAT,TOTATT8EBAC,ATT8SCREBAC,TOTATT8OPEN,ATT8SCROPEN,TOTATT8OPENG,ATT8SCROPENG,TOTATT8OPENNG,ATT8SCROPENNG,AVGEBACFILL,AVGOPENFILL,P8PUP,P8MEACOV,P8MEA,P8CILOW,P8CIUPP,P8MEAENG,P8MEAENG_CILOW,P8MEAENG_CIUPP,P8MEAMAT,P8MEAMAT_CILOW,P8MEAMAT_CIUPP,P8MEAEBAC,P8MEAEBAC_CILOW,P8MEAEBAC_CIUPP,P8MEAOPEN,P8MEAOPEN_CILOW,P8MEAOPEN_CIUPP,PTL2BASICS_94,PTL2BASICS_95,TEBACC_E_PTQ_EE,PTEBACC_E_PTQ_EE,PTEBACC_94,PTEBACC_95,TEBACENG_E_PTQ_EE,PTEBACENG_E_PTQ_EE,TEBACMAT_E_PTQ_EE,PTEBACMAT_E_PTQ_EE,TEBAC2SCI_E_PTQ_EE,PTEBAC2SCI_E_PTQ_EE,TEBACHUM_E_PTQ_EE,PTEBACHUM_E_PTQ_EE,TEBACLAN_E_PTQ_EE,PTEBACLAN_E_PTQ_EE,PTEBACENG_94,PTEBACENG_95,PTEBACMAT_94,PTEBACMAT_95,PTEBAC2SCI_PTQ_EE,PTEBACHUM_PTQ_EE,PTEBACLAN_PTQ_EE,SCIVACOV_PTQ_EE,HUMVACOV_PTQ_EE,LANVACOV_PTQ_EE,SCIVAMEA_PTQ_EE,SCIVALOW_PTQ_EE,SCIVAUPP_PTQ_EE,HUMVAMEA_PTQ_EE,HUMVALOW_PTQ_EE,HUMVAUPP_PTQ_EE,LANVAMEA_PTQ_EE,LANVALOW_PTQ_EE,LANVAUPP_PTQ_EE,TEBACENG_94,TEBACENG_95,TEBACMAT_94,TEBACMAT_95,TEBAC2SCI_PTQ_EE,TEBACHUM_PTQ_EE,TEBACLAN_PTQ_EE,TEBACC91,PTEBACC91,TEBACENG91,PTEBACENG91,TEBACMAT91,PTEBACMAT91,TEBAC2SCIAG_PTQ_EE,PTEBAC2SCIAG_PTQ_EE,TEBACHUMAG_PTQ_EE,PTEBACHUMAG_PTQ_EE,TEBACLANAG_PTQ_EE,PTEBACLANAG_PTQ_EE,ATT8SCR_FSM6CLA1A,P8PUP_FSM6CLA1A,P8MEA_FSM6CLA1A,P8CILOW_FSM6CLA1A,P8CIUPP_FSM6CLA1A,ATT8SCR_NFSM6CLA1A,P8PUP_NFSM6CLA1A,P8MEA_NFSM6CLA1A,P8CILOW_NFSM6CLA1A,P8CIUPP_NFSM6CLA1A,ATT8SCRENG_FSM6CLA1A,P8MEAENG_FSM6CLA1A,P8MEAENG_CILOW_FSM6CLA1A,P8MEAENG_CIUPP_FSM6CLA1A,ATT8SCRMAT_FSM6CLA1A,P8MEAMAT_FSM6CLA1A,P8MEAMAT_CILOW_FSM6CLA1A,P8MEAMAT_CIUPP_FSM6CLA1A,ATT8SCREBAC_FSM6CLA1A,P8MEAEBAC_FSM6CLA1A,P8MEAEBAC_CILOW_FSM6CLA1A,P8MEAEBAC_CIUPP_FSM6CLA1A,ATT8SCROPEN_FSM6CLA1A,P8MEAOPEN_FSM6CLA1A,P8MEAOPEN_CILOW_FSM6CLA1A,P8MEAOPEN_CIUPP_FSM6CLA1A,ATT8SCRENG_NFSM6CLA1A,P8MEAENG_NFSM6CLA1A,P8MEAENG_CILOW_NFSM6CLA1A,P8MEAENG_CIUPP_NFSM6CLA1A,ATT8SCRMAT_NFSM6CLA1A,P8MEAMAT_NFSM6CLA1A,P8MEAMAT_CILOW_NFSM6CLA1A,P8MEAMAT_CIUPP_NFSM6CLA1A,ATT8SCREBAC_NFSM6CLA1A,P8MEAEBAC_NFSM6CLA1A,P8MEAEBAC_CILOW_NFSM6CLA1A,P8MEAEBAC_CIUPP_NFSM6CLA1A,ATT8SCROPEN_NFSM6CLA1A,P8MEAOPEN_NFSM6CLA1A,P8MEAOPEN_CILOW_NFSM6CLA1A,P8MEAOPEN_CIUPP_NFSM6CLA1A,ATT8SCROPENG_FSM6CLA1A,ATT8SCROPENNG_FSM6CLA1A,ATT8SCROPENG_NFSM6CLA1A,ATT8SCROPENNG_NFSM6CLA1A,DIFFN_ATT8,DIFFN_P8MEA,ATT8SCR_LO,P8PUP_LO,P8MEA_LO,P8CILOW_LO,P8CIUPP_LO,ATT8SCR_AV,P8PUP_AV,P8MEA_AV,P8CILOW_AV,P8CIUPP_AV,ATT8SCR_HI,P8PUP_HI,P8MEA_HI,P8CILOW_HI,P8CIUPP_HI,ATT8SCR_EAL,P8PUP_EAL,P8MEA_EAL,P8CILOW_EAL,P8CIUPP_EAL,ATT8SCR_GIRLS,P8PUP_GIRLS,P8MEA_GIRLS,P8CILOW_GIRLS,P8CIUPP_GIRLS,ATT8SCR_BOYS,P8PUP_BOYS,P8MEA_BOYS,P8CILOW_BOYS,P8CIUPP_BOYS,ATT8SCR_NMOB,P8PUP_NMOB,P8MEA_NMOB,P8CILOW_NMOB,P8CIUPP_NMOB,ATT8SCR_15,P8PUP_15,P8MEA_15,P8CILOW_15,P8CIUPP_15,ATT8SCR_16,P8PUP_16,P8MEA_16,P8CILOW_16,P8CIUPP_16,ATT8SCR_FSM6CLA1A_16,P8PUP_FSM6CLA1A_16,P8MEA_FSM6CLA1A_16,P8CILOW_FSM6CLA1A_16,P8CIUPP_FSM6CLA1A_16,ATT8SCR_NFSM6CLA1A_16,P8PUP_NFSM6CLA1A_16,P8MEA_NFSM6CLA1A_16,P8CILOW_NFSM6CLA1A_16,P8CIUPP_NFSM6CLA1A_16,TEBACC_ELO_PTQ_EE,PTEBACC_ELO_PTQ_EE,PTEBACCLO_94,PTEBACCLO_95,TEBACC_EAV_PTQ_EE,PTEBACC_EAV_PTQ_EE,PTEBACCAV_94,PTEBACCAV_95,TEBACC_EHI_PTQ_EE,PTEBACC_EHI_PTQ_EE,PTEBACCHI_94,PTEBACCHI_95,PTEBACC_EFSM6CLA1A_PTQ_EE,PTEBACC_ENFSM6CLA1A_PTQ_EE,PTEBACC_94_FSM6CLA1A,PTEBACC_95_FSM6CLA1A,PTEBACC_94_NFSM6CLA1A,PTEBACC_95_NFSM6CLA1A,SCIVAMEA_LO_PTQ_EE,SCIVAMEA_AV_PTQ_EE,SCIVAMEA_HI_PTQ_EE,SCIVAMEA_FSM6CLA1A_PTQ_EE,SCIVAMEA_NFSM6CLA1A_PTQ_EE,HUMVAMEA_LO_PTQ_EE,HUMVAMEA_AV_PTQ_EE,HUMVAMEA_HI_PTQ_EE,HUMVAMEA_FSM6CLA1A_PTQ_EE,HUMVAMEA_NFSM6CLA1A_PTQ_EE,LANVAMEA_LO_PTQ_EE,LANVAMEA_AV_PTQ_EE,LANVAMEA_HI_PTQ_EE,LANVAMEA_FSM6CLA1A_PTQ_EE,LANVAMEA_NFSM6CLA1A_PTQ_EE,SCIVAUPP_FSM6CLA1A_PTQ_EE,SCIVALOW_FSM6CLA1A_PTQ_EE,SCIVAUPP_NFSM6CLA1A_PTQ_EE,SCIVALOW_NFSM6CLA1A_PTQ_EE,SCIVAUPP_LO_PTQ_EE,SCIVALOW_LO_PTQ_EE,SCIVAUPP_AV_PTQ_EE,SCIVALOW_AV_PTQ_EE,SCIVAUPP_HI_PTQ_EE,SCIVALOW_HI_PTQ_EE,HUMVAUPP_FSM6CLA1A_PTQ_EE,HUMVALOW_FSM6CLA1A_PTQ_EE,HUMVAUPP_NFSM6CLA1A_PTQ_EE,HUMVALOW_NFSM6CLA1A_PTQ_EE,HUMVAUPP_LO_PTQ_EE,HUMVALOW_LO_PTQ_EE,HUMVAUPP_AV_PTQ_EE,HUMVALOW_AV_PTQ_EE,HUMVAUPP_HI_PTQ_EE,HUMVALOW_HI_PTQ_EE,LANVAUPP_FSM6CLA1A_PTQ_EE,LANVALOW_FSM6CLA1A_PTQ_EE,LANVAUPP_NFSM6CLA1A_PTQ_EE,LANVALOW_NFSM6CLA1A_PTQ_EE,LANVAUPP_LO_PTQ_EE,LANVALOW_LO_PTQ_EE,LANVAUPP_AV_PTQ_EE,LANVALOW_AV_PTQ_EE,LANVAUPP_HI_PTQ_EE,LANVALOW_HI_PTQ_EE,PTEBACC_E_14_PTQ,PTEBACC_14_PTQ,PTEBACC_E_15_PTQ_EE,PTEBACC_15_PTQ_EE,PTEBACC_E_16_PTQ_EE,PTEBACC_16_PTQ_EE,PBEBACC_E_PTQ_EE,PBEBACC_94,PBEBACC_95,PGEBACC_E_PTQ_EE,PGEBACC_94,PGEBACC_95,PTEBACC_ENMOB_PTQ_EE,PTEBACCNMOB_94,PTEBACCNMOB_95,PTEBACC_EEAL_PTQ_EE,PTEBACCEAL_94,PTEBACCEAL_95,PTEBACC_EFSM_14_PTQ,PTEBACC_FSM_14_PTQ,PTEBACC_ENFSM_14_PTQ,PTEBACC_NFSM_14_PTQ,PTEBACC_EFSM6CLA1A_15_PTQ_EE,PTEBACC_FSM6CLA1A_15_PTQ_EE,PTEBACC_ENFSM6CLA1A_15_PTQ_EE,PTEBACC_NFSM6CLA1A_15_PTQ_EE,PTEBACC_EFSM6CLA1A_16_PTQ_EE,PTEBACC_FSM6CLA1A_16_PTQ_EE,PTEBACC_ENFSM6CLA1A_16_PTQ_EE,PTEBACC_NFSM6CLA1A_16_PTQ_EE,PT5EM_94,AC5EM14_PTQ,AC5EM15_PTQ_EE,AC5EM16_PTQ_EE,PT5EM_94_17,PTANYQ_PTQ_EE,PTL2BASICS_14_PTQ,PTL2BASICS_15_PTQ_EE,PTL2BASICS_16_PTQ_EE,PTFSM6CLA1ABASICS_94,PTNOTFSM6CLA1ABASICS_94,TBASICSLO_94,PTBASICSLO_94,TBASICSAV_94,PTBASICSAV_94,TBASICSHI_94,PTBASICSHI_94,PBL2BASICS_94,PGL2BASICS_94,PTL2BASICSEAL_94,PTL2BASICSNMOB_94,PTFSM6CLA1ABASICS_95,PTNOTFSM6CLA1ABASICS_95,TBASICSLO_95,PTBASICSLO_95,TBASICSAV_95,PTBASICSAV_95,TBASICSHI_95,PTBASICSHI_95,PBL2BASICS_95,PGL2BASICS_95,PTL2BASICSEAL_95,PTL2BASICSNMOB_95,PTFSMBASICS_14_PTQ,PTNOTFSMBASICS_14_PTQ,PTFSM6CLA1ABASICS_15_PTQ_EE,PTNOTFSM6CLA1ABASICS_15_PTQ_EE,PTFSM6CLA1ABASICS_16_PTQ_EE,PTNOTFSM6CLA1ABASICS_16_PTQ_EE,PTmultiLan_E,PTtripleSci_E,TFSMCLA_14,PTFSMCLA_14,TNOTFSMCLA_14,PTNOTFSMCLA_14,TFSM6CLA1A_15,PTFSM6CLA1A_15,TNOTFSM6CLA1A_15,PTNOTFSM6CLA1A_15,TFSM6CLA1A_16,PTFSM6CLA1A_16,TNOTFSM6CLA1A_16,PTNOTFSM6CLA1A_16,TAVENT_E_3NG_PTQ_EE,TAVENT_E_3NG_LO_PTQ_EE,TAVENT_E_3NG_AV_PTQ_EE,TAVENT_E_3NG_HI_PTQ_EE,TAVENT_E_3NG_FSM6CLA1A_PTQ_EE,TAVENT_E_3NG_NFSM6CLA1A_PTQ_EE,TAVENT_EFSM_14_PTQ,TAVENT_ENFSM_14_PTQ,TAVENT_EFSM6CLA1A_15_PTQ_EE,TAVENT_ENFSM6CLA1A_15_PTQ_EE,TAVENT_EFSM6CLA1A_16_PTQ_EE,TAVENT_ENFSM6CLA1A_16_PTQ_EE,TAVENT_G_PTQ_EE,TAVENT_GLO_PTQ_EE,TAVENT_GAV_PTQ_EE,TAVENT_GHI_PTQ_EE,TAVENT_GFSM6CLA1A_PTQ_EE,TAVENT_GNFSM6CLA1A_PTQ_EE,TAVENT_GFSM_14_PTQ,TAVENT_GNFSM_14_PTQ,TAVENT_GFSM6CLA1A_15_PTQ_EE,TAVENT_GNFSM6CLA1A_15_PTQ_EE,TAVENT_GFSM6CLA1A_16_PTQ_EE,TAVENT_GNFSM6CLA1A_16_PTQ_EE
1,25922,320,4603,103106,Holy Family Catholic School,,1 Shernhall Street,Walthamstow,,London,E17 3EA,0208 5200482,0,0,VA,Roman Catholic,COMP,OTHER NON SEL,MIXED,0,0,1,11-18,,1135,596,539,173,97,56%,76,44%,28,23,14%,77,48%,60,38%,53,31%,120,69%,81,47%,92,53%,0,0%,171,99%,6,4%,31,18%,7919.9,45.8,1750,10.1,1562,9,2195.4,12.7,2412.5,13.9,2264.5,13.1,148,0.9,2.5,2.9,160,92%,0.16,-0.03,0.35,0.3,0.06,0.54,0.3,0.08,0.51,0.27,0.05,0.5,-0.12,-0.34,0.1,61%,49%,26,15%,10%,10%,170,98%,170,98%,147,85%,97,56%,47,27%,76%,69%,64%,51%,76%,82%,87%,95%,95%,87%,0.48,0.27,0.7,0.69,0.36,1.03,1.79,1.25,2.33,131,120,111,89,111,80,41,26,15%,170,98%,170,98%,147,100%,97,100%,46,98%,38.2,49,-0.26,-0.6,0.09,49.1,111,0.35,0.12,0.58,8.7,-0.12,-0.56,0.31,7.2,-0.16,-0.55,0.23,10.3,-0.13,-0.53,0.28,12,-0.54,-0.94,-0.14,10.7,0.49,0.2,0.77,9.9,0.5,0.24,0.76,13.8,0.45,0.18,0.72,14.8,0.06,-0.2,0.33,10.6,1.4,14.2,0.6,-11.6,-0.37,22.9,23,-0.14,-0.64,0.37,43.2,77,0.21,-0.06,0.48,60.7,60,0.22,-0.09,0.53,45.8,70,0.48,0.2,0.77,49.3,71,0.5,0.22,0.79,43,89,-0.11,-0.36,0.15,45.8,159,0.17,-0.03,0.36,NA,NA,NA,NA,NA,51.3,168,0.09,-0.07,0.25,49.1,46,-0.04,-0.35,0.26,52.1,122,0.13,-0.05,0.32,1,4%,0%,0%,8,10%,3%,3%,14,23%,23%,23%,13%,16%,6%,6%,12%,12%,0.9,0.61,0.25,0.33,0.54,SUPP,1.06,0.3,0.35,0.8,SUPP,1.59,1.85,2.5,1.59,0.73,-0.07,0.8,0.29,1.67,0.14,0.92,0.31,0.58,-0.08,1.03,-0.32,1.19,0.42,SUPP,SUPP,1.56,0.56,0.77,-0.17,3.66,1.35,2.2,0.98,SUPP,SUPP,2.4,0.77,2.63,1.08,28%,18%,19%,13%,22%,16%,7%,6%,6%,25%,14%,14%,15%,10%,10%,20%,12%,12%,18%,9%,33%,22%,12%,6%,22%,16%,15%,9%,24%,18%,60%,65%,59%,68%,60%,98%,66%,59%,72%,43%,68%,3,13%,39,51%,58,97%,57%,66%,62%,61%,28%,58%,0,0%,30,39%,52,87%,45%,54%,49%,49%,55%,71%,49%,64%,65%,74%,1%,17%,56,33%,114,67%,49,30%,116,70%,46,26%,128,74%,8.8,7.7,8.8,9.5,8.3,9,9.4,10.1,9.6,9.8,8.8,8.9,8.5,6.8,8.5,9.4,7.8,8.8,9,9.8,9.6,9.8,8.7,8.8
1,13046,320,4061,139293,Connaught School for Girls,,Connaught Road,Leytonstone,,London,E11 4AB,0208 5393029,0,0,ACC,Does not apply,COMP,OTHER NON SEL,GIRLS,0,0,0,11-16,,600,NA,600,116,NA,NA,116,100%,27.6,19,17%,58,52%,34,31%,44,38%,72,62%,87,75%,29,25%,0,0%,113,97%,2,2%,17,15%,5532.8,47.7,1273,11,924,8,1568.5,13.5,1767.3,15.2,1673,14.4,94.3,0.8,2.9,3,111,96%,0.49,0.27,0.72,0.87,0.58,1.15,-0.07,-0.33,0.19,0.72,0.45,0.99,0.4,0.13,0.67,58%,32%,89,77%,38%,26%,113,97%,114,98%,115,99%,89,77%,114,98%,84%,72%,59%,34%,57%,64%,65%,96%,98%,96%,0.17,-0.07,0.42,0.5,0.15,0.84,0.55,0.21,0.88,97,83,69,39,66,57,74,88,76%,113,97%,113,97%,113,98%,88,99%,113,99%,43.1,41,0.27,-0.11,0.64,50.5,70,0.63,0.34,0.92,10.1,0.69,0.21,1.16,7.1,-0.21,-0.63,0.22,12.1,0.45,0.01,0.89,13.8,0.12,-0.32,0.55,11.5,0.97,0.61,1.33,8.5,0.01,-0.31,0.34,14.4,0.87,0.54,1.21,16.1,0.56,0.23,0.9,13.5,0.3,15,1.1,-6.7,0.16,24.6,19,-0.07,-0.62,0.48,46.3,58,0.51,0.2,0.83,65.9,34,0.78,0.37,1.19,48.8,84,0.58,0.32,0.85,47.7,111,0.49,0.27,0.72,NA,NA,NA,NA,NA,48.5,108,0.53,0.3,0.77,NA,NA,NA,NA,NA,58,109,0.59,0.39,0.79,54.1,45,0.39,0.08,0.7,60.8,64,0.73,0.47,0.99,8,42%,0%,0%,47,81%,33%,12%,32,94%,71%,68%,61%,86%,27%,18%,44%,31%,-0.44,0.18,0.49,-0.17,0.37,-0.55,0.47,0.8,0.3,0.58,-0.64,0.44,1.31,0.39,0.63,0.23,-0.57,0.68,0.07,0.16,-1.04,0.52,-0.15,0.93,0.05,0.93,-0.33,0.99,0.17,0.59,-1.69,0.94,0,1.37,0.23,0.94,-0.16,1.05,0.22,0.2,-1.48,0.9,-0.01,1.91,0.72,54%,40%,57%,36%,78%,56%,NE,NE,NE,77%,38%,26%,78%,39%,27%,79%,39%,25%,46%,27%,59%,49%,52%,30%,59%,39%,77%,38%,79%,69%,57%,67%,64%,72%,57%,99%,69%,65%,82%,45%,65%,1,5%,35,60%,30,88%,NE,58%,62%,59%,25%,36%,0,0%,10,17%,27,79%,NE,32%,33%,33%,52%,80%,55%,72%,72%,88%,22%,24%,48,40%,71,60%,44,38%,71,62%,47,41%,67,59%,10.3,9,10.3,11.1,10,10.5,8.5,9.1,10.2,10.2,10,10.5,10.1,8.7,10.1,11.1,9.9,10.3,7.6,8.1,9.2,9.3,9.8,10.2
1,20308,320,4062,103096,George Mitchell School,George Mitchell School,Farmer Road,Leyton,,London,E10 5DN,0208 5396198,0,0,CY,Does not apply,COMP,OTHER NON SEL,MIXED,0,1,0,3-16,,903,470,433,106,56,53%,50,47%,25.6,33,35%,33,35%,27,29%,50,47%,56,53%,74,70%,32,30%,0,0%,106,100%,0,0%,11,10%,4685,44.2,988,9.3,912,8.6,1270.5,12,1514.5,14.3,1148,10.8,366.5,3.5,2.6,3,93,88%,0.61,0.36,0.86,0.53,0.22,0.84,0.75,0.46,1.03,0.68,0.39,0.98,0.5,0.21,0.79,58%,42%,51,48%,31%,28%,106,100%,104,98%,89,84%,74,70%,61,58%,72%,53%,63%,50%,60%,73%,82%,91%,95%,87%,0.54,0.26,0.82,0.81,0.42,1.19,0.98,0.5,1.45,76,56,67,53,53,54,50,51,48%,104,98%,102,96%,89,100%,73,99%,61,100%,43.8,48,0.35,0,0.7,44.5,45,0.89,0.53,1.25,9.3,0.29,-0.15,0.72,8.3,0.38,-0.01,0.78,11.5,0.3,-0.11,0.71,14.7,0.41,0.01,0.81,9.3,0.78,0.33,1.24,8.9,1.13,0.72,1.54,12.4,1.09,0.67,1.51,13.9,0.6,0.19,1.02,10.8,3.9,10.9,3,-6,0.24,29.9,33,0.55,0.13,0.97,46.8,33,0.77,0.35,1.19,61.7,27,0.49,0.03,0.95,44.4,62,0.71,0.4,1.01,45.1,42,0.75,0.38,1.12,43.4,51,0.5,0.16,0.84,44.2,93,0.61,0.36,0.86,NA,NA,NA,NA,NA,47.1,91,0.53,0.31,0.75,45.9,53,0.48,0.2,0.77,48.3,38,0.59,0.25,0.93,8,24%,3%,3%,14,42%,27%,21%,26,96%,81%,78%,48%,48%,38%,32%,25%,25%,0.41,0.67,0.5,0.25,0.82,0.9,1.2,0.33,0.54,1.06,1.28,1.61,0.46,1.04,0.92,0.65,-0.15,1.22,0.43,0.94,-0.12,1.13,0.21,0.99,0.01,1.09,-0.01,1.6,0.52,1.71,0.09,1.81,0.59,0.96,-0.31,1.73,0.35,1.58,0.27,2.33,0.24,2.47,0.74,1.14,-0.22,18%,10%,42%,31%,36%,12%,43%,27%,25%,54%,36%,32%,48%,31%,28%,46%,30%,27%,21%,11%,15%,8%,37%,28%,49%,35%,31%,9%,42%,15%,55%,48%,57%,45%,55%,100%,51%,57%,53%,58%,57%,8,24%,22,67%,26,96%,59%,56%,59%,58%,44%,39%,3,9%,14,42%,23,85%,41%,42%,41%,42%,54%,48%,52%,63%,53%,53%,4%,22%,63,61%,40,39%,60,55%,49,45%,55,50%,55,50%,9.1,8.7,9.3,9.6,9.2,9.1,8,7.7,9,9.1,10.1,10.2,8.4,7.9,8.7,8.9,8.5,8.3,7.4,7.2,8.5,8.5,9.1,9.2
1,60804,320,6905,132727,Walthamstow Academy,,Billet Road,Walthamstow,,London,E17 5DP,0208 5273750,0,0,AC,Christian,COMP,OTHER NON SEL,MIXED,0,0,1,11-18,,993,559,434,163,84,52%,79,48%,28.1,17,11%,79,51%,59,38%,83,51%,80,49%,45,28%,118,72%,0,0%,153,94%,3,2%,28,17%,8103.3,49.7,1902,11.7,1556,9.5,2146.5,13.2,2498.8,15.3,1754,10.8,744.8,4.6,2.8,3,155,95%,0.44,0.25,0.64,0.93,0.69,1.17,0.5,0.28,0.72,0.3,0.07,0.53,0.22,0,0.45,67%,46%,45,28%,20%,18%,163,100%,163,100%,144,88%,117,72%,65,40%,91%,76%,69%,49%,74%,57%,91%,97%,97%,91%,0.27,0.06,0.49,-0.05,-0.36,0.25,1.01,0.55,1.46,148,124,113,80,106,67,59,45,28%,163,100%,163,100%,144,100%,115,98%,65,100%,46.9,80,0.27,0,0.54,52.6,75,0.62,0.35,0.9,11.1,0.74,0.4,1.07,9,0.34,0.04,0.65,12,0.03,-0.29,0.35,14.9,0.16,-0.15,0.47,12.3,1.14,0.79,1.48,10.1,0.66,0.34,0.98,14.4,0.59,0.26,0.92,15.8,0.29,-0.03,0.62,10,4.9,11.6,4.2,-2.9,0.16,27.5,17,0.51,-0.08,1.09,45.7,79,0.48,0.21,0.76,62,59,0.37,0.05,0.68,53.3,40,0.88,0.5,1.26,50,71,0.55,0.26,0.83,49.4,84,0.36,0.09,0.62,49.6,149,0.43,0.23,0.63,NA,NA,NA,NA,NA,51.1,148,0.21,0.04,0.38,49.5,94,0.08,-0.13,0.29,53.6,54,0.43,0.14,0.71,2,12%,6%,6%,14,18%,9%,9%,27,46%,37%,34%,27%,29%,17%,16%,23%,21%,SUPP,0.3,0.16,0.11,0.43,0.8,-0.15,-0.05,-0.31,0.21,SUPP,1.48,0.62,0.83,1.17,0.42,-0.19,0.74,0.13,SUPP,SUPP,0.6,0.01,0.49,-0.17,0.11,-0.74,0.63,-0.22,2.11,-0.52,0.28,-0.57,0.41,-0.5,1.47,0.19,1.81,0.54,SUPP,SUPP,2.22,0.74,1.23,0.01,34%,18%,26%,17%,14%,12%,26%,19%,18%,29%,20%,19%,28%,20%,18%,38%,29%,29%,29%,11%,39%,25%,23%,13%,31%,23%,11%,9%,18%,17%,64%,59%,69%,65%,64%,100%,62%,70%,69%,60%,74%,3,18%,46,58%,56,95%,69%,65%,80%,67%,37%,55%,1,6%,25,32%,47,80%,46%,46%,60%,46%,57%,67%,60%,84%,67%,73%,5%,18%,87,51%,83,49%,97,56%,75,44%,96,62%,60,38%,8.2,6.8,8.2,8.5,8.1,8.3,8.5,8.7,8.3,8.7,8.4,8.7,7.4,5.9,7.5,7.8,7.3,7.6,8.1,8.1,7.2,7.8,7.4,7.7
1,5302,320,6005,141411,Big Creative Independent School,,Silver Birch House,Uplands Business Park,Blackhorse Lane,Walthamstow,E17 5SD,0208 4983300,0,0,IND,None,,NA,MIXED,0,0,0,15-16,R,11,7,4,10,6,60%,4,40%,NP,NP,NP,NP,NP,NP,NP,NP,NP,NP,NP,NP,NP,NP,NP,NP,NP,NP,NP,NA,NA,NA,NA,NE,NE,NE,NE,NE,NE,NE,NE,NE,NE,NE,NE,NE,NE,NE,NE,NP,NP,NP,NP,NP,NP,NP,NP,NP,NP,NP,NP,NP,NP,NP,NP,NP,NE,NE,NE,NE,NE,NE,NE,NE,NE,NE,NE,NE,NE,NE,NE,NE,NE,NE,NE,NE,NE,NE,NE,NP,NP,NP,NP,NP,NP,NP,NP,NP,NP,NP,NP,NE,NE,NE,NE,NE,NE,NE,NE,NE,NE,NE,NE,NE,NE,NE,NE,NE,NE,NE,NP,NP,NP,NP,NP,NP,NP,NP,NP,NP,NP,NP,NP,NP,NP,NP,NP,NP,NP,NP,NP,NP,NP,NP,NP,NP,NP,NP,NP,NP,NP,NP,NP,NP,NP,NP,NP,NP,NP,NP,NP,NP,NP,NP,NP,NP,NP,NP,NP,NP,NP,NP,NP,NP,NP,NP,NP,NP,NP,NP,NP,NP,NP,NP,NP,NP,NP,NP,SUPP,NP,NP,NP,NP,SUPP,NP,NP,NP,NP,NP,NP,NP,NP,NP,NA,NA,NA,NA,NA,SUPP,NA,NA,NA,NA,NA,NA,NA,NA,NA,NA,NA,NA,NA,NA,NP,NP,NP,NP,NP,NP,NP,NP,NP,NP,NP,NP,NP,NP,NP,NP,NP,NP,NP,NP,NP,NP,NP,NP,NP,NP,NP,NP,NP,NP,NP,NP,NP,NP,NP,NP,NP,NP,NP,NP,NP,NP,NP,NP,NP,NP,NP,NP,NP,NP,NP,NP,NP,NP,NP,NP,NP,NP,NP,NP,NP,NP,NP,NA,NA,NA,NA,SUPP,SUPP,SUPP,SUPP,SUPP,SUPP,SUPP,SUPP,NP,NP,NP,NP,NP,NP,NA,NA,NA,NA,NA,NA,NA,NA,NA,NA,NA,NA,NE,NA,NA,SUPP,NE,NE,NA,NA,SUPP,NP,NP,NP,NP,NP,NP,NP,NP,SUPP,SUPP,NP,NP,NP,NP,NP,NP,NP,NP,NP,NP,SUPP,SUPP,NP,NP,NA,NA,NA,NA,NA,NA,NE,NE,NA,NA,NA,NA,NA,NA,NA,NA,NA,NA,NA,NA,NE,NP,NP,NP,NP,NP,NA,NA,NA,NA,NA,NA,NE,NP,NP,NP,NP,NP,NA,NA,NA,NA,NA,NA
1,63514,320,4066,103100,Willowfield Humanities College,,209 Blackhorse Road,Walthamstow,,London,E17 6ND,0208 5274065,0,0,CY,Does not apply,COMP,OTHER NON SEL,MIXED,0,0,0,11-16,,762,454,308,110,64,58%,46,42%,28.7,10,10%,47,47%,42,42%,43,39%,67,61%,53,48%,57,52%,0,0%,108,98%,2,2%,29,26%,5020,45.6,1128,10.3,948,8.6,1378,12.5,1566,14.2,1366.5,12.4,199.5,1.8,2.9,2.9,99,90%,-0.11,-0.35,0.13,0.11,-0.2,0.41,-0.19,-0.46,0.09,-0.06,-0.34,0.23,-0.25,-0.53,0.03,63%,39%,58,53%,29%,27%,108,98%,108,98%,108,98%,107,97%,58,53%,79%,63%,66%,43%,47%,58%,67%,91%,91%,91%,-0.36,-0.61,-0.1,-0.05,-0.38,0.28,0.15,-0.33,0.62,87,69,73,47,51,62,39,58,53%,108,98%,106,96%,107,99%,105,98%,58,100%,40.1,42,-0.52,-0.89,-0.15,49.2,57,0.19,-0.13,0.51,9.1,-0.36,-0.82,0.11,7.6,-0.55,-0.97,-0.12,10.7,-0.48,-0.92,-0.04,12.8,-0.65,-1.08,-0.22,11,0.45,0.05,0.85,9.3,0.08,-0.29,0.44,13.7,0.25,-0.12,0.63,15.1,0.04,-0.33,0.41,10.7,2.1,13.5,1.6,-9.7,-0.63,21,10,-0.31,-1.07,0.46,38.8,47,-0.27,-0.62,0.08,61.2,42,0.12,-0.26,0.49,43,43,-0.05,-0.42,0.32,43.1,41,-0.07,-0.45,0.31,47.5,58,-0.14,-0.45,0.18,45.8,98,-0.11,-0.35,0.14,49.2,99,0.51,0.3,0.73,49.3,104,0.31,0.1,0.51,47.1,56,0.23,-0.05,0.51,51.4,48,0.39,0.09,0.69,1,10%,0%,0%,21,45%,11%,11%,31,74%,60%,57%,37%,63%,19%,19%,36%,33%,-0.61,-0.59,-0.03,-0.77,-0.04,-0.24,-0.28,0.25,-0.55,0.34,SUPP,0.37,0.01,0.11,0.16,-0.38,-1.17,0.3,-0.38,0.24,-1.46,-0.22,-0.96,0.36,-0.43,-0.06,-1.05,0.77,-0.1,0.83,-1.32,0.19,-0.76,0.74,-0.25,0.97,-0.76,0.73,-0.41,SUPP,SUPP,1.13,-0.38,0.63,-0.61,48%,27%,46%,24%,53%,23%,56%,30%,28%,48%,28%,26%,54%,30%,28%,51%,32%,30%,35%,19%,60%,33%,37%,12%,53%,34%,52%,18%,55%,28%,59%,56%,49%,47%,59%,98%,59%,50%,50%,53%,69%,0,0%,23,49%,40,95%,73%,48%,55%,62%,30%,45%,0,0%,10,21%,31,74%,44%,33%,34%,40%,54%,63%,41%,57%,41%,58%,1%,22%,52,48%,57,52%,51,47%,58,53%,56,48%,60,52%,10.6,8.7,10.5,11.5,10.6,10.6,9.3,10,10.9,10.7,10.9,10.9,10.2,8.6,10.2,11,10.2,10.3,8.1,8.6,9.6,9.7,10.4,10.4
1,37318,320,6059,103112,Normanhurst School,,68-74 Station Road,North Chingford,,London,E4 7BA,0208 5294307,0,0,IND,None,,NA,MIXED,0,0,0,2-16,,281,172,109,29,21,72%,8,28%,NP,NP,NP,NP,NP,NP,NP,NP,NP,NP,NP,NP,NP,NP,NP,NP,NP,NP,NP,NA,NA,NA,NA,1546.5,53.3,346,11.9,304,10.5,447,15.4,449.5,15.5,449.5,15.5,0,0,2.9,2.9,NP,NP,NP,NP,NP,NP,NP,NP,NP,NP,NP,NP,NP,NP,NP,NP,NP,90%,69%,18,62%,45%,38%,29,100%,29,100%,29,100%,22,76%,23,79%,100%,86%,90%,79%,86%,91%,91%,NP,NP,NP,NP,NP,NP,NP,NP,NP,NP,NP,NP,29,25,26,23,25,20,21,18,62%,29,100%,29,100%,29,100%,22,100%,23,100%,NP,NP,NP,NP,NP,NP,NP,NP,NP,NP,NP,NP,NP,NP,NP,NP,NP,NP,NP,NP,NP,NP,NP,NP,NP,NP,NP,NP,NP,NP,NP,NP,NP,NP,NP,NP,NP,NP,NP,NP,NP,NP,NP,NP,NP,NP,NP,NP,NP,NP,NP,NP,NP,NP,NP,NP,NP,NP,NP,NP,NP,NP,NP,NP,NP,NP,NP,NP,57.8,NP,NP,NP,NP,51.6,NP,NP,NP,NP,NP,NP,NP,NP,NP,NA,NA,NA,NA,NA,51,NA,NA,NA,NA,NA,NA,NA,NA,NA,NA,NA,NA,NA,NA,NP,NP,NP,NP,NP,NP,NP,NP,NP,NP,NP,NP,NP,NP,NP,NP,NP,NP,NP,NP,NP,NP,NP,NP,NP,NP,NP,NP,NP,NP,NP,NP,NP,NP,NP,NP,NP,NP,NP,NP,NP,NP,NP,NP,NP,NP,NP,NP,NP,NP,NP,NP,NP,NP,NP,NP,NP,NP,NP,NP,NP,NP,NP,35%,24%,36%,23%,36%,23%,67%,48%,38%,50%,38%,38%,NP,NP,NP,NP,NP,NP,NA,NA,NA,NA,NA,NA,NA,NA,NA,NA,NA,NA,90%,71%,64%,55%,90%,100%,71%,64%,68%,NP,NP,NP,NP,NP,NP,NP,NP,95%,75%,NP,NP,NP,NP,NP,NP,NP,NP,NP,NP,71%,63%,NP,NP,NA,NA,NA,NA,NA,NA,0%,24%,NA,NA,NA,NA,NA,NA,NA,NA,NA,NA,NA,NA,8.1,NP,NP,NP,NP,NP,NA,NA,NA,NA,NA,NA,8.1,NP,NP,NP,NP,NP,NA,NA,NA,NA,NA,NA
1,9094,320,4000,103080,Buxton School,,Terling Close,,,London,E11 3NT,0208 5343425,0,0,FD,None,COMP,OTHER NON SEL,MIXED,0,1,1,3-18,,1556,821,735,134,64,48%,70,52%,26.7,24,23%,55,52%,26,25%,48,36%,86,64%,95,71%,39,29%,0,0%,127,95%,2,2%,36,27%,5261,39.3,1250,9.3,994,7.4,1432.5,10.7,1584.5,11.8,1573.5,11.7,11,0.1,2.9,2.9,105,78%,-0.28,-0.52,-0.05,0.13,-0.16,0.43,-0.26,-0.53,0.01,-0.24,-0.52,0.04,-0.62,-0.9,-0.35,51%,25%,53,40%,12%,11%,132,99%,133,99%,133,99%,89,66%,86,64%,72%,51%,54%,28%,36%,35%,59%,78%,85%,76%,-0.6,-0.85,-0.35,-0.98,-1.35,-0.61,0.22,-0.21,0.65,97,68,73,38,48,31,51,51,38%,131,98%,128,96%,131,98%,86,97%,82,95%,34.4,45,-0.67,-1.03,-0.31,42,60,0,-0.31,0.31,8.4,-0.31,-0.76,0.14,6.7,-0.53,-0.94,-0.12,8.7,-0.7,-1.13,-0.28,10.7,-0.96,-1.38,-0.54,9.9,0.47,0.08,0.86,7.8,-0.06,-0.41,0.29,11.8,0.11,-0.26,0.47,12.5,-0.37,-0.73,-0.01,10.5,0.1,12.4,0,-15.4,-0.78,22.8,24,-0.11,-0.61,0.38,38.7,55,-0.3,-0.62,0.02,54.2,26,-0.41,-0.88,0.06,39.9,67,-0.1,-0.4,0.19,44.5,54,-0.17,-0.5,0.16,33.5,51,-0.4,-0.74,-0.07,38.7,99,-0.31,-0.55,-0.07,NA,NA,NA,NA,NA,49.4,96,0.59,0.38,0.8,48.8,56,0.5,0.22,0.78,50,40,0.72,0.4,1.05,5,21%,0%,0%,26,47%,11%,11%,14,54%,23%,19%,33%,43%,8%,8%,14%,13%,-0.61,-0.54,-0.73,-0.9,-0.39,0.05,-1.05,-1.25,-1.3,-0.79,0.6,0.14,0.1,-0.57,0.68,-0.52,-1.29,-0.06,-0.71,-0.08,-1.14,-0.2,-0.88,-0.23,-1.23,-0.7,-1.9,-0.32,-1.26,1.13,-1.02,-0.57,-1.54,-0.57,-1.92,0.14,-1.27,1.22,0.14,1.56,-0.36,0.72,-0.44,0.96,-0.77,31%,21%,25%,15%,20%,14%,33%,5%,3%,46%,19%,19%,39%,12%,11%,40%,11%,9%,24%,10%,37%,32%,28%,14%,21%,17%,16%,10%,25%,18%,45%,61%,47%,49%,45%,99%,63%,50%,61%,48%,53%,2,8%,30,55%,22,85%,45%,57%,48%,51%,13%,31%,0,0%,7,13%,15,58%,16%,33%,24%,23%,58%,68%,45%,56%,60%,62%,13%,12%,62,51%,59,49%,74,54%,63,46%,63,49%,65,51%,10.2,9.8,10.3,10.5,9.9,10.4,10,10.6,9.8,9.9,10.3,10.4,10.2,9.8,10.3,10.5,9.8,10.4,8.3,8.8,8.6,8.5,9.8,9.7
1,24816,320,5400,137558,Highams Park School,,34 Handsworth Avenue,Highams Park,,London,E4 9PJ,0208 5274051,0,0,ACC,None,COMP,OTHER NON SEL,MIXED,0,0,1,11-18,,1556,818,738,230,119,52%,111,48%,29.1,22,10%,93,42%,106,48%,58,25%,172,75%,64,28%,166,72%,0,0%,228,99%,4,2%,43,19%,10919.8,47.5,2400,10.4,2138,9.3,3335.5,14.5,3046.3,13.2,3002,13.1,44.3,0.2,2.9,3,221,96%,-0.14,-0.3,0.03,0,-0.2,0.21,-0.09,-0.27,0.09,0.4,0.21,0.6,-0.8,-0.99,-0.61,70%,43%,115,50%,37%,28%,229,100%,230,100%,230,100%,195,85%,133,58%,83%,69%,74%,48%,74%,70%,85%,96%,96%,96%,0.38,0.21,0.55,0,-0.23,0.24,0.35,0.04,0.66,192,159,170,111,170,137,113,115,50%,229,100%,227,99%,229,100%,194,99%,133,100%,39.2,57,-0.39,-0.71,-0.07,50.3,164,-0.05,-0.24,0.14,9.2,-0.11,-0.51,0.29,7.2,-0.49,-0.85,-0.13,11.9,0.21,-0.17,0.59,10.8,-1.11,-1.48,-0.74,10.9,0.04,-0.19,0.28,10,0.05,-0.17,0.26,15.4,0.47,0.25,0.69,14.1,-0.69,-0.91,-0.47,10.8,0.1,13.8,0.2,-10.6,-0.5,26.3,22,-0.01,-0.53,0.5,40.6,93,-0.01,-0.26,0.24,57.9,106,-0.27,-0.51,-0.04,46,58,0.16,-0.16,0.47,51,106,0.25,0.02,0.49,44.2,115,-0.49,-0.72,-0.27,47.6,219,-0.13,-0.29,0.03,NA,NA,NA,NA,NA,54.4,203,0.12,-0.02,0.27,47.4,57,0,-0.27,0.28,57.1,146,0.17,0,0.34,5,23%,5%,0%,36,39%,20%,11%,70,66%,59%,50%,40%,53%,21%,5%,43%,36%,0.41,0.5,0.26,0.05,0.5,0.06,0.21,-0.18,-0.29,0.09,0.8,0.98,-0.04,0.95,0.18,0.38,-0.29,0.69,0.3,0.95,-0.13,0.77,0.24,0.51,0.02,0.19,-0.78,0.36,-0.18,0.96,-0.83,0.58,-0.15,0.15,-0.5,1.6,0.29,0.53,-0.16,2.02,-0.43,1.52,0.45,0.36,-0.43,39%,31%,31%,24%,46%,31%,44%,31%,24%,57%,44%,33%,50%,38%,29%,59%,41%,27%,31%,29%,42%,32%,20%,17%,35%,26%,36%,24%,50%,34%,68%,68%,62%,66%,68%,100%,70%,63%,75%,57%,75%,2,9%,52,56%,101,95%,65%,77%,69%,71%,21%,50%,0,0%,17,18%,78,74%,39%,46%,33%,43%,57%,74%,37%,72%,55%,82%,14%,24%,51,23%,171,77%,54,26%,150,74%,58,28%,152,72%,9.4,8.7,9.1,9.7,9.1,9.4,8.3,9.1,8.9,10.1,9.9,10.4,9.3,8.6,9.1,9.7,9.1,9.4,8,8.9,7.9,9.2,8.5,9.4
1,19626,320,4060,103094,Frederick Bremer School,,Siddeley Road,Walthamstow,,London,E17 4EY,0208 4983340,0,0,CY,Does not apply,COMP,OTHER NON SEL,MIXED,0,0,0,11-16,,866,586,280,165,103,62%,62,38%,27.4,27,17%,82,52%,49,31%,132,80%,33,20%,97,59%,68,41%,0,0%,157,95%,2,1%,34,21%,7372.5,44.7,1726,10.5,1382,8.4,2046.5,12.4,2218,13.4,2166,13.1,52,0.3,2.9,3,158,96%,0.16,-0.03,0.36,0.56,0.32,0.8,0.11,-0.1,0.33,0.32,0.09,0.54,-0.23,-0.45,0,59%,33%,81,49%,25%,22%,164,99%,164,99%,150,91%,122,74%,117,71%,82%,64%,62%,34%,45%,58%,68%,97%,98%,97%,-0.13,-0.34,0.08,0.18,-0.12,0.47,0.63,0.31,0.96,136,105,102,56,68,71,79,81,49%,164,99%,164,99%,150,100%,121,99%,117,100%,44.6,130,0.1,-0.11,0.31,45.2,28,0.45,0,0.91,10.3,0.46,0.2,0.73,8.4,0.04,-0.2,0.28,12.4,0.28,0.03,0.53,13.4,-0.28,-0.52,-0.03,11,1.04,0.47,1.61,8.4,0.46,-0.05,0.98,12.3,0.49,-0.05,1.03,13.5,0.01,-0.52,0.54,13.1,0.3,13.2,0.3,-5.2,-0.01,31.6,27,0.62,0.16,1.09,39.3,82,-0.01,-0.27,0.26,61.8,49,0.19,-0.15,0.54,43.7,91,0.35,0.09,0.6,47.3,58,0.52,0.21,0.84,43.1,100,-0.05,-0.29,0.2,44.9,153,0.17,-0.03,0.36,48,159,0.32,0.15,0.49,48.9,149,0.03,-0.14,0.21,46.6,83,-0.01,-0.23,0.22,51.5,66,0.09,-0.17,0.34,7,26%,7%,7%,34,41%,9%,5%,39,80%,65%,59%,51%,42%,25%,21%,27%,24%,0.22,-0.4,0.12,-0.18,0.11,0.96,0.12,0.06,0.19,0.12,0.15,0.77,0.64,0.55,1.13,0.05,-0.41,0.61,-0.39,0.72,-0.28,-0.11,-0.7,0.5,-0.25,0.53,-0.14,0.78,-0.54,1.89,0.03,0.53,-0.3,0.53,-0.41,0.9,0.2,1.99,0.26,1.02,-0.72,1.25,0.29,1.17,0.12,24%,19%,29%,19%,30%,16%,48%,24%,23%,52%,27%,19%,51%,26%,22%,43%,23%,19%,12%,9%,34%,29%,23%,10%,34%,27%,25%,9%,37%,23%,55%,50%,53%,45%,55%,99%,53%,57%,56%,57%,67%,6,22%,40,49%,47,96%,59%,58%,56%,59%,33%,30%,3,11%,12,15%,38,78%,37%,26%,30%,33%,45%,59%,49%,64%,53%,59%,13%,15%,82,47%,91,53%,80,47%,90,53%,85,52%,79,48%,8.9,8.5,9,9.1,8.9,8.9,7.9,8.6,7.7,8.2,8.9,9.3,8.8,8.4,8.9,9.1,8.8,8.8,7.3,8.3,7.2,7.9,8.6,9
1,28250,320,4075,103105,Kelmscott School,,Markhouse Road,Walthamstow,,London,E17 8DN,0208 5212115,0,0,CY,Does not apply,COMP,OTHER NON SEL,MIXED,0,0,1,11-18,,876,531,345,167,95,57%,72,43%,26.9,35,22%,83,53%,39,25%,97,58%,70,42%,73,44%,94,56%,0,0%,166,99%,3,2%,30,18%,7414.5,44.4,1644,9.8,1322,7.9,2106,12.6,2342.5,14,1878.5,11.2,464,2.8,2.8,3,157,94%,0.31,0.12,0.51,0.43,0.19,0.67,0.09,-0.13,0.31,0.59,0.36,0.82,0.11,-0.12,0.33,56%,32%,58,35%,21%,16%,167,100%,167,100%,166,99%,80,48%,112,67%,80%,62%,59%,36%,55%,66%,76%,94%,98%,95%,0.36,0.15,0.56,0.5,0.13,0.86,0.74,0.4,1.08,134,103,98,60,92,53,85,56,34%,167,100%,163,98%,166,100%,76,95%,111,99%,43.5,94,0.29,0.04,0.53,45.6,63,0.36,0.05,0.66,9.6,0.35,0.04,0.66,7.8,0.11,-0.18,0.39,12.2,0.53,0.23,0.82,14,0.12,-0.17,0.41,10.2,0.55,0.17,0.93,8.1,0.07,-0.27,0.42,13.2,0.68,0.33,1.04,14.1,0.08,-0.27,0.44,11,3,11.7,2.5,-6.3,0.18,32.2,35,0.68,0.27,1.09,44,83,0.33,0.07,0.6,57.6,39,-0.06,-0.44,0.33,45.6,66,0.52,0.22,0.82,46.2,67,0.53,0.24,0.83,43,90,0.15,-0.1,0.4,44.5,156,0.31,0.12,0.5,51.3,164,0.61,0.44,0.78,52,165,0.49,0.33,0.65,47,71,0.36,0.11,0.61,55.8,94,0.58,0.37,0.8,6,17%,6%,3%,35,42%,24%,18%,16,41%,33%,28%,30%,41%,19%,15%,24%,17%,0.52,0.35,0.22,0.37,0.34,0.58,0.76,-0.01,0.6,0.37,0.45,0.72,0.98,0.45,1.13,0.63,0.11,0.66,0.02,0.95,0.08,0.63,0.07,0.64,-0.19,1.09,0.11,0.92,-0.17,1.55,-0.39,1.25,0.27,0.65,-0.66,0.9,0.01,1.65,0.61,1.27,-0.36,1.16,0.28,1.66,0.3,51%,28%,44%,28%,45%,30%,26%,16%,13%,46%,28%,21%,35%,21%,16%,36%,26%,21%,48%,23%,54%,33%,38%,19%,48%,35%,36%,23%,52%,36%,53%,51%,57%,52%,53%,100%,51%,59%,59%,53%,60%,8,23%,47,57%,35,90%,57%,54%,63%,56%,28%,37%,2,6%,24,29%,27,69%,32%,32%,37%,32%,45%,58%,47%,67%,48%,68%,2%,22%,91,54%,79,46%,74,44%,95,56%,75,44%,97,56%,8.9,8.6,9.1,9,8.9,8.9,8.8,9.1,8.9,9.3,8.7,8.9,8.5,7.9,8.6,8.9,8.5,8.5,8.4,8.6,8.6,9.1,8,8.5
1,11454,320,5401,138691,Chingford Foundation School,,Nevin Drive,Chingford,,London,E4 7LT,0208 5291853,0,0,ACC,None,COMP,OTHER NON SEL,MIXED,0,0,1,11-18,,1512,788,724,227,111,49%,116,51%,28.8,32,14%,82,37%,107,48%,73,32%,154,68%,90,40%,137,60%,0,0%,218,96%,8,4%,52,23%,11399.4,50.2,2500,11,2242,9.9,3220.1,14.2,3437.3,15.1,3437.3,15.1,0,0,2.9,3,221,97%,0.19,0.02,0.35,0.34,0.14,0.54,0.25,0.06,0.43,0.34,0.15,0.53,-0.11,-0.3,0.08,77%,52%,73,32%,23%,19%,225,99%,224,99%,216,95%,209,92%,84,37%,89%,73%,78%,57%,74%,70%,81%,98%,98%,96%,0.13,-0.05,0.3,0.22,-0.01,0.44,0.49,0.1,0.87,202,166,178,129,159,146,68,73,32%,224,99%,223,98%,215,100%,204,98%,84,100%,42.1,71,0.04,-0.25,0.32,54.1,150,0.25,0.06,0.45,9.6,0.27,-0.09,0.62,8,0.11,-0.22,0.43,11.5,0.17,-0.17,0.51,13,-0.29,-0.62,0.04,11.7,0.37,0.13,0.62,10.8,0.31,0.09,0.54,15.5,0.42,0.19,0.65,16.2,-0.03,-0.26,0.2,13,0,16.2,0,-7.7,-0.07,31.1,32,0.55,0.13,0.98,47.2,82,0.58,0.31,0.84,58.4,107,-0.23,-0.46,0.01,50.2,87,0.56,0.31,0.82,54.4,112,0.55,0.32,0.78,45.8,109,-0.19,-0.42,0.04,50.3,214,0.19,0.03,0.36,NA,NA,NA,NA,NA,53.3,230,0.21,0.07,0.35,48.1,87,0.01,-0.21,0.24,56.3,143,0.33,0.16,0.5,6,19%,3%,3%,21,26%,15%,6%,43,40%,34%,32%,29%,34%,15%,10%,27%,23%,0.55,0.45,-0.21,-0.15,0.26,0.27,0.66,-0.1,-0.26,0.44,1.27,0.87,0.05,0.69,0.39,0.16,-0.46,0.47,0.05,1.08,0.02,0.73,0.17,0.04,-0.46,0.14,-0.66,0.71,0.17,0.9,-0.37,1.04,0.28,0.21,-0.42,1.35,0.02,0.86,-0.08,2.32,0.23,1.54,0.2,0.58,-0.48,51%,37%,58%,38%,36%,28%,20%,12%,10%,44%,34%,28%,32%,23%,19%,40%,27%,21%,30%,22%,57%,41%,47%,24%,63%,45%,25%,18%,42%,34%,73%,66%,70%,67%,73%,100%,66%,70%,70%,60%,85%,7,22%,64,78%,100,93%,73%,81%,77%,77%,30%,63%,4,13%,32,39%,79,74%,44%,60%,50%,52%,48%,71%,59%,75%,59%,77%,3%,33%,46,20%,180,80%,75,32%,156,68%,87,37%,149,63%,9.8,9.4,10,9.9,9.6,10,10.1,11.2,10.1,10.7,9.8,10.3,9.8,9.4,10,9.9,9.6,10,10,11,10.1,10.7,9.8,10.3
1,37290,320,4064,143385,Norlington School and 6th Form,,Norlington Road,Leyton,,London,E10 6JZ,0208 5393055,0,0,ACC,Does not apply,COMP,OTHER NON SEL,BOYS,0,0,1,11-18,,583,583,NA,87,87,100%,NA,NA,27.9,14,18%,34,45%,28,37%,57,66%,30,34%,38,44%,49,56%,0,0%,82,94%,1,1%,11,13%,4223.3,48.5,888,10.2,874,10,1183.5,13.6,1277.8,14.7,1251,14.4,26.8,0.3,3,3,76,87%,0.39,0.12,0.67,0.33,-0.01,0.68,0.74,0.43,1.06,0.48,0.16,0.81,0.11,-0.21,0.43,74%,44%,24,28%,17%,14%,87,100%,87,100%,86,99%,79,91%,30,34%,84%,59%,77%,54%,71%,65%,80%,87%,89%,83%,0.51,0.21,0.8,0.03,-0.36,0.41,0.28,-0.41,0.97,73,51,67,47,61,51,24,24,28%,87,100%,87,100%,86,100%,79,100%,30,100%,50,55,0.49,0.16,0.81,45.8,21,0.15,-0.37,0.68,10.4,0.34,-0.07,0.74,10.2,0.78,0.41,1.15,14,0.62,0.24,1,15.4,0.25,-0.13,0.63,9.9,0.33,-0.33,0.99,9.7,0.64,0.04,1.24,12.8,0.12,-0.5,0.74,13.4,-0.27,-0.88,0.35,15,0.4,13.2,0.1,0.2,0.38,31.4,14,0.66,0.02,1.31,47,34,0.5,0.09,0.91,60.5,28,0.13,-0.33,0.58,47.3,33,0.27,-0.15,0.69,NA,NA,NA,NA,NA,48.5,76,0.39,0.12,0.67,48.2,73,0.4,0.12,0.69,NA,NA,NA,NA,NA,50.1,80,0.28,0.05,0.51,49.6,40,0.19,-0.14,0.52,50.5,40,0.37,0.04,0.7,1,7%,0%,0%,10,29%,18%,12%,10,36%,32%,29%,28%,27%,19%,14%,13%,13%,0.5,0.71,0.28,0.61,0.22,0.31,0.15,-0.24,0.13,-0.28,SUPP,0.98,-0.48,0.29,0.25,0.96,0.27,0.79,-0.35,1.18,-0.18,1.15,0.26,0.76,-0.2,0.58,-0.31,0.48,-1.04,1.24,-0.62,0.73,-0.43,0.38,-0.86,1.1,-0.53,1.56,-1.06,SUPP,SUPP,1.98,-0.02,0.57,-1.52,39%,25%,34%,22%,23%,11%,28%,17%,14%,NE,NE,NE,27%,17%,13%,29%,16%,13%,43%,33%,36%,19%,33%,19%,34%,25%,19%,10%,26%,11%,72%,61%,64%,50%,72%,100%,64%,64%,57%,79%,63%,3,21%,27,79%,26,93%,74%,NE,68%,74%,44%,43%,1,7%,11,32%,23,82%,44%,NE,42%,43%,70%,60%,60%,66%,58%,57%,1%,0%,30,42%,42,58%,43,40%,64,60%,48,48%,53,52%,9.8,9.6,9.8,9.9,9.9,9.6,10,9.7,9.6,9.8,9.7,9.9,9.6,9.3,9.6,9.8,9.7,9.5,9.2,8.8,7.7,8,7.4,7.5
1,60812,320,4072,103103,Walthamstow School for Girls,,Church Hill,Walthamstow,,London,E17 9RZ,0208 5099446,0,0,CY,Does not apply,COMP,OTHER NON SEL,GIRLS,0,0,0,11-16,,891,NA,891,176,NA,NA,176,100%,28.1,27,16%,75,44%,67,40%,63,36%,113,64%,46,26%,130,74%,0,0%,174,99%,5,3%,25,14%,9426.8,53.6,2186,12.4,1726,9.8,2650.5,15.1,2864.3,16.3,2657.5,15.1,206.8,1.2,3,3,169,96%,0.73,0.55,0.92,1.26,1.03,1.5,0.44,0.23,0.65,0.83,0.61,1.05,0.47,0.25,0.68,72%,56%,80,45%,31%,30%,176,100%,176,100%,176,100%,141,80%,106,60%,92%,80%,72%,57%,64%,69%,85%,96%,97%,94%,0.42,0.22,0.61,0.59,0.31,0.87,1.57,1.23,1.92,162,141,127,101,113,97,90,79,45%,176,100%,175,99%,176,100%,139,99%,106,100%,47.5,60,0.6,0.29,0.91,57,109,0.8,0.57,1.04,11.3,1.18,0.79,1.57,8.6,0.36,0.01,0.71,13,0.67,0.3,1.04,14.5,0.29,-0.07,0.65,13,1.31,1.02,1.6,10.5,0.49,0.22,0.75,16.2,0.92,0.65,1.19,17.3,0.56,0.3,0.83,13.5,1,16,1.3,-2.3,0.49,31,27,0.57,0.11,1.04,47.9,75,0.78,0.5,1.06,68.8,67,0.74,0.45,1.03,52.1,42,1.18,0.8,1.55,53.6,169,0.73,0.55,0.92,NA,NA,NA,NA,NA,53.8,167,0.74,0.55,0.92,NA,NA,NA,NA,NA,57.3,170,0.63,0.47,0.78,51.2,64,0.49,0.23,0.75,60.8,106,0.71,0.5,0.91,6,22%,4%,4%,32,43%,20%,17%,39,58%,52%,52%,41%,48%,19%,16%,37%,37%,0.2,0.33,0.6,0.22,0.53,0.12,0.87,0.48,0.47,0.66,1.12,1.31,1.87,0.95,1.87,0.55,-0.1,0.77,0.28,0.69,-0.29,0.63,0.04,0.91,0.29,0.93,0.01,1,0.32,0.78,-0.54,1.29,0.46,0.92,0.03,1.56,0.34,2.29,1.45,2.27,-0.04,1.85,0.77,2.36,1.38,60%,40%,63%,45%,73%,48%,NE,NE,NE,45%,31%,30%,46%,31%,30%,52%,37%,33%,49%,32%,67%,46%,44%,25%,72%,55%,64%,33%,79%,57%,70%,75%,73%,75%,70%,100%,77%,74%,80%,67%,75%,4,15%,51,68%,66,99%,NE,72%,80%,73%,41%,64%,2,7%,31,41%,60,90%,NE,56%,52%,56%,70%,82%,64%,79%,66%,88%,6%,28%,73,41%,104,59%,61,34%,118,66%,64,36%,112,64%,9.2,9.1,9.1,9.4,9.2,9.3,9,9.2,9.2,9.5,9.2,9.3,8.8,8.6,8.7,9,8.8,8.8,8.8,9,8.7,9.2,8.5,8.8
1,45344,320,4001,138859,Rushcroft Foundation School,,Rushcroft Road,Chingford,,London,E4 8SG,0208 5319231,0,0,AC,Does not apply,COMP,OTHER NON SEL,MIXED,0,0,1,11-18,,606,363,243,112,54,48%,58,52%,26.9,18,21%,45,53%,22,26%,51,46%,61,54%,78,70%,33,29%,1,1%,105,94%,2,2%,18,16%,4585.5,40.9,967,8.6,902,8.1,1357.5,12.1,1359,12.1,1317,11.8,42,0.4,2.8,2.9,85,76%,-0.09,-0.35,0.17,-0.24,-0.57,0.09,0.17,-0.13,0.46,0.33,0.02,0.63,-0.57,-0.87,-0.27,55%,31%,34,30%,15%,10%,104,93%,111,99%,99,88%,63,56%,80,71%,71%,46%,60%,41%,58%,48%,60%,80%,70%,80%,0.19,-0.1,0.47,-0.3,-0.78,0.19,-0.03,-0.46,0.4,79,51,67,46,57,30,48,34,30%,104,93%,108,96%,99,100%,60,95%,80,100%,41.3,44,-0.39,-0.75,-0.03,40.6,41,0.24,-0.14,0.61,8.7,-0.56,-1.01,-0.1,8.5,0,-0.41,0.41,12.2,0.03,-0.39,0.46,11.8,-0.96,-1.39,-0.54,8.6,0.1,-0.37,0.57,7.6,0.34,-0.09,0.77,12,0.64,0.2,1.08,12.4,-0.14,-0.58,0.29,11.6,0.2,11.9,0.5,-8.5,-0.5,26.2,18,0.21,-0.36,0.78,41.2,45,-0.06,-0.42,0.3,52.6,22,-0.38,-0.9,0.13,42.5,54,0.22,-0.11,0.55,42,43,0.12,-0.25,0.49,39.9,42,-0.3,-0.67,0.07,40.6,81,-0.07,-0.33,0.2,NA,NA,NA,NA,NA,47.5,85,-0.16,-0.38,0.07,42.8,49,-0.45,-0.75,-0.15,51.7,36,0.24,-0.11,0.59,4,22%,17%,6%,11,24%,9%,2%,11,50%,27%,27%,29%,31%,8%,6%,21%,13%,0.72,0.18,-0.09,-0.04,0.46,0.04,-0.3,-0.63,-0.68,0.21,0.82,0.12,-0.56,-0.4,0.34,0.35,-0.43,0.88,0.03,1.46,-0.01,0.56,-0.2,0.45,-0.64,-0.04,-1.33,0.95,-0.53,0.97,-0.89,0.42,-1.02,0.3,-1.57,0.22,-1.01,0.95,-0.27,2.13,-0.49,0.69,-0.46,0.19,-1.32,13%,12%,51%,19%,63%,23%,30%,6%,0%,31%,24%,19%,30%,15%,10%,35%,21%,13%,13%,12%,13%,12%,47%,18%,54%,19%,53%,14%,72%,31%,51%,53%,45%,45%,51%,100%,62%,49%,50%,61%,51%,3,17%,24,53%,21,95%,59%,52%,62%,55%,31%,31%,1,6%,12,27%,14,64%,28%,34%,36%,30%,59%,65%,47%,49%,42%,57%,8%,27%,75,52%,68,48%,38,36%,69,64%,59,47%,67,53%,9.1,8,9.2,9.7,9.2,9,7.7,8.1,8.9,9.2,9.3,9.7,9,7.8,9.2,9.6,9.1,8.9,7.3,7.6,8.6,8.7,9.1,9.4
2,62804,320,5950,140795,Whitefield Schools,,Macdonald Road,Walthamstow,,London,E17 4AZ,0208 5313426,0,0,ACCS,Does not apply,NA,NA,MIXED,0,1,0,2-19,R,346,258,88,23,17,74%,6,26%,5.7,20,95%,0,0%,1,5%,11,48%,12,52%,12,52%,11,48%,0,0%,23,100%,,,,,NE,NE,NE,NE,NE,NE,NE,NE,NE,NE,NE,NE,NE,NE,NE,NE,NE,NE,NE,NE,NE,NE,NE,NE,NE,NE,NE,NE,NE,NE,NE,NE,NE,NE,NE,NE,NE,NE,NE,NE,NE,NE,NE,NE,NE,NE,NE,NE,NE,NE,NE,NE,NE,NE,NE,NE,NE,NE,NE,NE,NE,NE,NE,NE,NE,NE,NE,NE,NE,NE,NE,NE,NE,NE,NE,NE,NE,NE,NE,NE,NE,NE,NE,NE,NE,NE,NE,NE,NE,NE,NE,NE,NE,NE,NE,NE,NE,NE,NE,NE,NE,NE,NE,NE,NE,NE,NE,NE,NE,NE,NE,NE,NE,NE,NE,NE,NE,NE,NE,NE,NE,NE,NE,NE,NE,NE,NE,NE,NE,NE,NE,NE,NE,NE,NE,NE,NE,NE,NE,NE,NE,NE,NE,NE,NE,SUPP,SUPP,SUPP,SUPP,SUPP,NE,NE,NE,NE,NE,NE,SUPP,SUPP,SUPP,SUPP,NE,SUPP,SUPP,SUPP,SUPP,NE,NE,NE,NE,NE,NA,NA,NA,NA,NA,1.3,14,-1.56,-2.11,-1,2,10,-1.6,-2.26,-0.95,0,SUPP,SUPP,SUPP,SUPP,NE,NE,NE,NE,NE,NE,NE,NE,SUPP,SUPP,SUPP,SUPP,NE,NE,NE,NE,NE,NE,NE,NE,SUPP,NE,NE,NE,NE,SUPP,NE,NE,NE,NE,SUPP,NE,NE,NE,NE,NE,NE,NE,NE,NE,NE,SUPP,SUPP,NE,NE,NE,NE,NE,NE,NE,NE,SUPP,SUPP,NE,NE,NE,NE,NE,NE,NE,NE,SUPP,SUPP,0%,0%,NA,NA,0%,0%,NE,NE,NE,NE,NE,NE,NE,NE,NE,NE,NE,NE,0%,0%,0%,0%,NA,NA,NA,NA,0%,0%,0%,0%,NE,0%,NA,0%,NE,NE,0%,NA,0%,NE,NE,NE,NE,NE,NE,SUPP,SUPP,NE,NE,NE,NE,NE,NE,NE,NE,NE,NE,SUPP,SUPP,NE,NE,NE,NE,0%,0%,NA,NA,0%,0%,NE,NE,18,67%,9,33%,10,56%,8,44%,10,63%,6,38%,NE,NE,NE,SUPP,NE,NE,0.1,0,NA,NA,0.3,0,NE,NE,NE,SUPP,NE,NE,0.1,0,NA,NA,0.3,0
1,30430,320,6501,132848,Lantern of Knowledge Secondary School,,30-36 Lindley Road,Leyton,,London,E10 6QT,0208 5395183,0,0,IND,Muslim,,NA,BOYS,0,0,0,10-16,,115,115,NA,20,20,100%,NA,NA,NP,NP,NP,NP,NP,NP,NP,NP,NP,NP,NP,NP,NP,NP,NP,NP,NP,NP,NP,NA,NA,NA,NA,1134,56.7,238,11.9,254,12.7,315.5,15.8,326.5,16.3,326.5,16.3,0,0,3,3,NP,NP,NP,NP,NP,NP,NP,NP,NP,NP,NP,NP,NP,NP,NP,NP,NP,90%,70%,17,85%,50%,50%,20,100%,20,100%,20,100%,20,100%,17,85%,90%,80%,100%,80%,85%,60%,88%,NP,NP,NP,NP,NP,NP,NP,NP,NP,NP,NP,NP,18,16,20,16,17,12,15,17,85%,20,100%,20,100%,20,100%,20,100%,17,100%,NP,NP,NP,NP,NP,NP,NP,NP,NP,NP,NP,NP,NP,NP,NP,NP,NP,NP,NP,NP,NP,NP,NP,NP,NP,NP,NP,NP,NP,NP,NP,NP,NP,NP,NP,NP,NP,NP,NP,NP,NP,NP,NP,NP,NP,NP,NP,NP,NP,NP,NP,NP,NP,NP,NP,NP,NP,NP,NP,NP,NP,NP,NP,NP,NP,NP,NP,NP,NA,NA,NA,NA,NA,56.7,NP,NP,NP,NP,NP,NP,NP,NP,NP,NA,NA,NA,NA,NA,55.1,NA,NA,NA,NA,NA,NA,NA,NA,NA,NA,NA,NA,NA,NA,NP,NP,NP,NP,NP,NP,NP,NP,NP,NP,NP,NP,NP,NP,NP,NP,NP,NP,NP,NP,NP,NP,NP,NP,NP,NP,NP,NP,NP,NP,NP,NP,NP,NP,NP,NP,NP,NP,NP,NP,NP,NP,NP,NP,NP,NP,NP,NP,NP,NP,NP,NP,NP,NP,NP,NP,NP,NP,NP,NP,NP,NP,NP,100%,64%,88%,71%,38%,38%,85%,50%,50%,NE,NE,NE,NP,NP,NP,NP,NP,NP,NA,NA,NA,NA,NA,NA,NA,NA,NA,NA,NA,NA,90%,100%,82%,63%,90%,100%,100%,82%,88%,NP,NP,NP,NP,NP,NP,NP,NP,90%,NE,NP,NP,NP,NP,NP,NP,NP,NP,NP,NP,70%,NE,NP,NP,NA,NA,NA,NA,NA,NA,0%,0%,NA,NA,NA,NA,NA,NA,NA,NA,NA,NA,NA,NA,10.8,NP,NP,NP,NP,NP,NA,NA,NA,NA,NA,NA,10.8,NP,NP,NP,NP,NP,NA,NA,NA,NA,NA,NA
4,,320,,,,,,,,,,,,,,,,,,,,,,,16596,8618,7978,2485,1253,50.40%,1232,49.60%,27.4,416,18.40%,1025,45.30%,823,36.40%,1059,42.60%,1426,57.40%,1186,47.70%,1297,52.20%,2,0.10%,2403,96.70%,111,4.50%,468,18.80%,113029.4,45.5,25330,10.2,21862,8.8,31779.3,12.8,34058.1,13.7,31120.4,12.5,2937.8,1.2,2.8,2.9,2264,91%,0.14,0.09,0.19,0.36,0.3,0.43,0.19,0.13,0.25,0.31,0.25,0.37,-0.2,-0.26,-0.14,63.10%,41.40%,964,38.80%,22.50%,19.00%,2393,96.30%,2405,96.80%,2275,91.50%,1811,72.90%,1319,53.10%,80.00%,64.10%,66.10%,45.90%,62.20%,62.00%,74.40%,,,,,,,,,,,,,1987,1593,1643,1140,1416,1122,981,958,38.60%,2387,96.10%,2380,95.80%,2266,99.60%,1781,98.30%,1312,99.50%,41.4,1012,-0.03,-0.11,0.04,48.5,1252,0.29,0.22,0.36,9.4,0.19,0.1,0.29,7.9,0.01,-0.08,0.09,11.3,0.1,0.01,0.19,12.8,-0.34,-0.43,-0.25,10.8,0.5,0.42,0.59,9.5,0.34,0.27,0.42,13.9,0.48,0.4,0.56,14.4,-0.09,-0.17,-0.01,11.4,1.4,13.4,1,-8.4,-0.14,24.8,416,0.12,0,0.23,43,1025,0.22,0.14,0.29,60.1,823,0.07,-0.01,0.15,45.3,1009,0.4,0.32,0.47,47.9,1117,0.38,0.31,0.46,43.1,1147,-0.09,-0.16,-0.02,45.6,2208,0.16,0.11,0.21,49.2,2276,0.29,0.25,0.34,50.4,2301,0.23,0.18,0.27,46.1,1051,0.07,0.01,0.14,53.6,1250,0.36,0.3,0.41,81,19.50%,3.10%,1.90%,370,36.10%,14.00%,9.40%,443,53.80%,44.00%,40.70%,34.40%,42.10%,17.20%,13.60%,26.40%,23.00%,,,,,,,,,,,,,,,,,,,,,,,,,,,,,,,,,,,,,,,,,,,,,,36.90%,23.30%,38.70%,23.80%,39.30%,23.60%,30.50%,16.70%,14.40%,47.20%,28.30%,23.60%,39.30%,22.80%,19.30%,42.60%,23.50%,19.10%,27.90%,15.30%,43.50%,29.20%,30.90%,16.00%,44.10%,29.10%,32.10%,15.40%,44.90%,29.80%,59.70%,56.70%,57.40%,57.30%,59.70%,97.20%,59.00%,59.10%,63.60%,54.80%,69.30%,59,14.20%,611,59.60%,776,94.30%,62.40%,63.80%,63.20%,63.40%,30.90%,49.30%,20,4.80%,295,28.80%,640,77.80%,39.90%,43.00%,39.60%,41.50%,49.00%,66.30%,47.90%,66.70%,54.60%,70.40%,6.90%,22.10%,1062,42.10%,1462,57.90%,1016,40.80%,1473,59.20%,1100,43.30%,1439,56.70%,9,7.5,9.2,9.6,8.7,9.2,8.2,9.2,8.7,9.4,8.9,9.5,8.7,7.2,8.9,9.4,8.5,9,7.7,8.8,8.1,8.9,8.3,9
2,28048,320,7003,140197,Joseph Clarke School,,Vincent Road,,,London,E4 9PP,0208 5234833,0,0,ACS,Does not apply,NA,NA,MIXED,0,1,0,2-18,R,93,51,42,9,6,67%,3,33%,10,7,88%,1,13%,0,0%,7,78%,2,22%,2,22%,7,78%,0,0%,9,100%,,,,,NE,NE,NE,NE,NE,NE,NE,NE,NE,NE,NE,NE,NE,NE,NE,NE,NE,NE,NE,NE,NE,NE,NE,NE,NE,NE,NE,NE,NE,NE,NE,NE,NE,NE,NE,NE,NE,NE,NE,NE,NE,NE,NE,NE,NE,NE,NE,NE,NE,NE,NE,NE,NE,NE,NE,NE,NE,NE,NE,NE,NE,NE,NE,NE,NE,NE,NE,NE,NE,NE,NE,NE,NE,NE,NE,NE,NE,NE,NE,NE,NE,NE,NE,NE,NE,NE,NE,SUPP,SUPP,SUPP,SUPP,SUPP,SUPP,SUPP,SUPP,SUPP,SUPP,SUPP,SUPP,SUPP,SUPP,SUPP,SUPP,SUPP,SUPP,SUPP,SUPP,SUPP,SUPP,SUPP,SUPP,SUPP,SUPP,SUPP,SUPP,SUPP,SUPP,SUPP,SUPP,SUPP,SUPP,SUPP,SUPP,SUPP,SUPP,SUPP,SUPP,SUPP,SUPP,SUPP,SUPP,SUPP,SUPP,SUPP,SUPP,NE,NE,NE,NE,NE,SUPP,SUPP,SUPP,SUPP,SUPP,NE,NE,NE,NE,NE,SUPP,SUPP,SUPP,SUPP,SUPP,SUPP,SUPP,SUPP,SUPP,SUPP,SUPP,SUPP,SUPP,SUPP,SUPP,NE,NE,NE,NE,NE,NA,NA,NA,NA,NA,6.5,9,-1.38,-2.07,-0.68,SUPP,SUPP,SUPP,SUPP,SUPP,SUPP,SUPP,SUPP,SUPP,SUPP,NE,NE,NE,NE,SUPP,SUPP,SUPP,SUPP,NE,NE,NE,NE,SUPP,SUPP,SUPP,SUPP,SUPP,SUPP,NE,SUPP,NE,SUPP,SUPP,NE,SUPP,NE,SUPP,SUPP,NE,SUPP,NE,SUPP,SUPP,SUPP,SUPP,SUPP,SUPP,NE,NE,SUPP,SUPP,NE,NE,SUPP,SUPP,SUPP,SUPP,NE,NE,SUPP,SUPP,NE,NE,SUPP,SUPP,SUPP,SUPP,NE,NE,SUPP,SUPP,NE,NE,NA,NA,29%,0%,0%,0%,SUPP,SUPP,SUPP,SUPP,SUPP,SUPP,NE,NE,NE,SUPP,SUPP,SUPP,NA,NA,NA,NA,SUPP,SUPP,SUPP,SUPP,SUPP,SUPP,SUPP,SUPP,NE,NA,0%,9%,NE,NE,NA,0%,9%,SUPP,SUPP,NE,NE,SUPP,SUPP,NE,NE,SUPP,SUPP,SUPP,NE,SUPP,SUPP,NE,NE,SUPP,SUPP,NE,NE,SUPP,SUPP,SUPP,NE,NA,NA,SUPP,SUPP,SUPP,SUPP,NE,NE,NA,NA,NA,NA,5,71%,2,29%,9,82%,2,18%,NE,NE,SUPP,NE,SUPP,SUPP,NA,NA,SUPP,SUPP,SUPP,SUPP,NE,NE,SUPP,NE,SUPP,SUPP,NA,NA,SUPP,SUPP,SUPP,SUPP
2,26428,320,7002,138454,Hornbeam Academy Special Academy,,Folly Lane,Walthamstow,,London,E17 5NT,0208 5032225,0,0,ACCS,None,NA,NA,MIXED,0,1,0,2-19,R,254,165,89,24,12,50%,12,50%,9.3,21,100%,0,0%,0,0%,13,54%,11,46%,8,33%,16,67%,0,0%,20,83%,,,,,NE,NE,NE,NE,NE,NE,NE,NE,NE,NE,NE,NE,NE,NE,NE,NE,NE,NE,NE,NE,NE,NE,NE,NE,NE,NE,NE,NE,NE,NE,NE,NE,NE,NE,NE,NE,NE,NE,NE,NE,NE,NE,NE,NE,NE,NE,NE,NE,NE,NE,NE,NE,NE,NE,NE,NE,NE,NE,NE,NE,NE,NE,NE,NE,NE,NE,NE,NE,NE,NE,NE,NE,NE,NE,NE,NE,NE,NE,NE,NE,NE,NE,NE,NE,NE,NE,NE,NE,NE,NE,NE,NE,NE,NE,NE,NE,NE,NE,NE,NE,NE,NE,NE,NE,NE,NE,NE,NE,NE,NE,NE,NE,NE,NE,NE,NE,NE,NE,NE,NE,NE,NE,NE,NE,NE,NE,NE,NE,NE,NE,NE,NE,NE,NE,NE,NE,NE,NE,NE,NE,NE,NE,NE,NE,NE,NE,NE,NE,NE,NE,NE,NE,NE,NE,NE,NE,NE,NE,NE,NE,NE,NE,NE,NE,NE,NE,NE,NE,NE,NE,NA,NA,NA,NA,NA,NA,NA,NA,NA,NA,NA,NA,NA,NA,NA,NA,NA,NA,NA,NA,NE,NE,NE,NE,NE,NE,NE,NE,NE,NE,NE,NE,NE,NE,NE,NE,NE,NE,NE,NE,NE,NE,NE,NE,NE,NE,NE,NE,NE,NE,NE,NE,NE,NE,NE,NE,NE,NE,NE,NE,NE,NE,NE,NE,NE,NE,NE,NE,NE,NE,NE,NE,NE,NE,NE,NE,NE,NE,NE,NE,NE,NE,NE,0%,0%,NA,NA,NA,NA,NE,NE,NE,NE,NE,NE,NE,NE,NE,NE,NE,NE,SUPP,SUPP,SUPP,SUPP,NA,NA,NA,NA,NA,NA,NA,NA,NE,0%,NA,NA,NE,NE,0%,NA,NA,NE,NE,NE,NE,NE,NE,NE,NE,NE,NE,NE,NE,NE,NE,NE,NE,NE,NE,NE,NE,NE,NE,NE,NE,SUPP,SUPP,NA,NA,NA,NA,NE,NE,14,78%,4,22%,15,60%,10,40%,22,69%,10,31%,NE,NE,NE,NE,NE,NE,SUPP,SUPP,NA,NA,NA,NA,NE,NE,NE,NE,NE,NE,SUPP,SUPP,NA,NA,NA,NA
1,31154,320,4069,103101,Leytonstone School,,Colworth Road,Leytonstone,,London,E11 1JD,0208 9887420,0,0,CY,Does not apply,COMP,OTHER NON SEL,MIXED,0,0,0,11-16,,809,511,298,164,107,65%,57,35%,28.1,18,12%,74,51%,53,37%,55,34%,109,66%,100,61%,63,38%,1,1%,157,96%,2,1%,28,17%,8219.1,50.1,1831,11.2,1764,10.8,2199.6,13.4,2424.5,14.8,2198.5,13.4,226,1.4,2.8,2.9,145,88%,0.47,0.27,0.67,0.68,0.43,0.93,0.99,0.76,1.22,0.41,0.17,0.64,0.04,-0.19,0.28,76%,59%,40,24%,16%,15%,158,96%,163,99%,154,94%,129,79%,49,30%,88%,73%,80%,65%,66%,64%,84%,88%,89%,84%,0.5,0.28,0.72,-0.04,-0.34,0.26,1.53,0.99,2.07,144,119,131,106,102,83,41,40,24%,158,96%,162,99%,154,100%,128,99%,49,100%,45.8,53,0.22,-0.11,0.55,52.3,92,0.61,0.36,0.86,10.5,0.53,0.12,0.95,9.3,0.51,0.14,0.89,11.7,0.05,-0.34,0.44,14.2,-0.01,-0.4,0.37,11.5,0.76,0.45,1.08,11.5,1.26,0.98,1.55,14.3,0.61,0.31,0.91,15.1,0.08,-0.21,0.37,12.3,1.9,14,1.1,-4,0.11,27.7,18,0.32,-0.24,0.89,44.8,74,0.4,0.12,0.68,64.9,53,0.62,0.29,0.95,49.6,86,0.56,0.3,0.82,53.3,50,0.72,0.38,1.06,48.4,95,0.34,0.09,0.58,50.6,141,0.52,0.32,0.72,NA,NA,NA,NA,NA,52.3,156,0.15,-0.02,0.31,48.8,79,0.02,-0.21,0.25,55.6,77,0.27,0.04,0.51,2,11%,6%,0%,15,20%,8%,8%,17,32%,32%,30%,16%,28%,13%,11%,18%,17%,0.47,0.35,0.71,0.37,0.57,0.32,-0.27,0.2,-0.27,0.05,SUPP,1.46,1.51,1.06,1.73,0.74,0.01,0.84,0.3,1.2,-0.27,0.65,0.05,1.06,0.36,0.29,-0.83,0.41,-0.31,1.63,-1,0.14,-0.68,0.67,-0.26,2.06,0.05,2.37,1.08,SUPP,SUPP,2.28,0.65,2.32,0.69,33%,22%,26%,13%,25%,20%,18%,12%,12%,37%,25%,21%,24%,17%,16%,26%,15%,13%,23%,12%,39%,28%,17%,6%,32%,17%,19%,15%,31%,24%,70%,51%,48%,73%,70%,99%,53%,48%,79%,67%,80%,3,17%,54,73%,52,98%,73%,81%,77%,76%,45%,65%,1,6%,35,47%,48,91%,57%,61%,55%,59%,32%,64%,41%,53%,74%,85%,2%,34%,60,35%,111,65%,66,39%,104,61%,80,49%,84,51%,8.5,7.2,8.4,9,8.3,8.6,7.4,8.6,8.4,9.2,8.1,8.6,8.3,7,8.1,8.8,8,8.4,7.4,8.6,7.9,8.8,7.3,7.9
2,4798,320,7011,131697,Belmont Park School,,Leyton Green Road,Leyton,Waltham Forest,London,E10 6DB,0208 5560006,0,0,CYS,Does not apply,NA,NA,MIXED,0,1,0,10-19,R,49,46,3,10,8,80%,2,20%,22.9,6,67%,2,22%,1,11%,10,100%,0,0%,0,0%,10,100%,0,0%,8,80%,,,,,93.3,9.3,18,1.8,14,1.4,2,0.2,59.3,5.9,6,0.6,53.3,5.3,0.2,1.3,9,90%,-2.25,-3.06,-1.45,-2.61,-3.61,-1.6,-2.03,-2.94,-1.12,-2.58,-3.52,-1.63,-1.85,-2.78,-0.91,0%,0%,0,0%,0%,0%,4,40%,4,40%,0,0%,0,0%,0,0%,0%,0%,0%,0%,NE,NE,NE,NE,NE,NE,NE,NE,NE,NE,NE,NE,NE,NE,NE,0,0,0,0,NE,NE,NE,0,0%,4,40%,3,30%,NE,NE,NE,NE,NE,NE,9.3,9,-2.25,-3.06,-1.45,NE,NE,NE,NE,NE,1.8,-2.61,-3.61,-1.6,1.4,-2.03,-2.94,-1.12,0.2,-2.58,-3.52,-1.63,5.9,-1.85,-2.78,-0.91,NE,NE,NE,NE,NE,NE,NE,NE,NE,NE,NE,NE,NE,NE,NE,NE,0.6,5.3,NE,NE,NE,NE,8.9,6,-1.55,-2.53,-0.57,SUPP,SUPP,SUPP,SUPP,SUPP,SUPP,SUPP,SUPP,SUPP,SUPP,NE,NE,NE,NE,NE,SUPP,SUPP,SUPP,SUPP,SUPP,SUPP,SUPP,SUPP,SUPP,SUPP,9.1,7,-1.77,-2.68,-0.86,NA,NA,NA,NA,NA,3.6,6,-3.14,-3.99,-2.29,3.6,6,-3.14,-3.99,-2.29,NA,NA,NA,NA,NA,0,0%,0%,0%,SUPP,SUPP,SUPP,SUPP,SUPP,SUPP,SUPP,SUPP,0%,NE,0%,0%,NE,NE,NE,SUPP,SUPP,NE,NE,NE,SUPP,SUPP,NE,NE,NE,SUPP,SUPP,NE,NE,NE,NE,NE,NE,NE,NE,SUPP,SUPP,SUPP,SUPP,NE,NE,NE,NE,NE,NE,SUPP,SUPP,SUPP,SUPP,NE,NE,NE,NE,NE,NE,SUPP,SUPP,SUPP,SUPP,0%,0%,0%,0%,0%,0%,SUPP,SUPP,SUPP,SUPP,SUPP,SUPP,0%,0%,0%,NE,NE,NE,0%,0%,NA,NA,0%,0%,NA,NA,0%,0%,NA,NA,0%,0%,0%,0%,0%,60%,0%,0%,0%,0%,NE,0,0%,SUPP,SUPP,SUPP,SUPP,SUPP,SUPP,NE,0%,0%,NE,0,0%,SUPP,SUPP,SUPP,SUPP,SUPP,SUPP,NE,0%,0%,NA,0%,NA,0%,NA,0%,0%,19,100%,0,0%,16,100%,0,0%,7,100%,0,0%,2.8,2.8,SUPP,SUPP,2.8,NE,2.6,NA,2.8,NA,2,NA,1.7,1.8,SUPP,SUPP,1.7,NE,1.7,NA,1.8,NA,0.9,NA
1,16874,320,4002,140957,Eden Girls' School Waltham Forest,,Silver Birch House,,Blackhorse Lane,Walthanstow,E17 5SD,0208 5231810,0,0,F,Muslim,COMP,OTHER NON SEL,GIRLS,0,0,1,11-18,R,349,NA,349,,,,,,,,,,,,,,,,,,,,,,,,,,,,,,,,,,,,,,,,,,,,,,,,,,,,,,,,,,,,,,,,,,,,,,,,,,,,,,,,,,,,,,,,,,,,,,,,,,,,,,,,,,,,,,,,,,,,,,,,,,,,,,,,,,,,,,,,,,,,,,,,,,,,,,,,,,,,,,,,,,,,,,,,,,,,,,,,,,,,,,,,,,,,,,,,,,,,,,,NA,NA,NA,NA,NA, , , , , , , , , , , , , , , ,,,,,,,,,,,,,,,,,,,,,,,,,,,,,,,,,,,,,,,,,,,,,,,,,,,,,,,,,,,,,,,,NA,NA,NA,NA, , ,,,,,,,,,,,,,NA,NA,NA,NA,NA,NA,NA,NA, , , , ,,,,,,,NA,NA, ,,,,,,,,,,,,,,,,,,,,,,,,,NA,NA,NA,NA, , ,,,NA,NA,NA,NA,NA,NA,NA,NA, , , , ,,,,,,,NA,NA,NA,NA, , ,,,,,,,NA,NA,NA,NA, , 
1,23974,320,4063,103097,Heathcote School & Science College,,Normanton Park,Chingford,,London,E4 6ES,0208 4985110,0,0,CY,Does not apply,COMP,OTHER NON SEL,MIXED,0,0,1,11-18,,1133,584,549,162,88,54%,74,46%,29.2,13,8%,68,44%,75,48%,58,36%,104,64%,59,36%,103,64%,0,0%,156,96%,3,2%,22,14%,7394.5,45.6,1643,10.1,1532,9.5,2111.4,13,2108.1,13,1963.6,12.1,144.5,0.9,2.9,2.9,156,96%,-0.33,-0.52,-0.14,-0.14,-0.38,0.11,-0.04,-0.26,0.18,-0.11,-0.34,0.11,-0.87,-1.1,-0.65,73%,50%,58,36%,17%,16%,160,99%,160,99%,161,99%,117,72%,71,44%,83%,66%,76%,57%,60%,48%,73%,96%,96%,96%,-0.11,-0.32,0.09,-0.7,-1,-0.39,0.12,-0.3,0.54,134,107,123,93,97,56,52,58,36%,158,98%,159,98%,159,99%,115,98%,71,100%,39.8,57,-0.5,-0.82,-0.18,48.9,99,-0.23,-0.48,0.01,9.2,-0.26,-0.66,0.14,7.9,-0.3,-0.66,0.07,11,-0.31,-0.69,0.07,11.7,-0.99,-1.36,-0.62,10.7,-0.07,-0.37,0.24,10.3,0.11,-0.16,0.39,14.2,0,-0.29,0.29,13.7,-0.81,-1.09,-0.53,10.6,1.1,12.9,0.8,-10,-0.61,28.2,13,0.23,-0.44,0.9,39.2,68,-0.3,-0.59,-0.01,55,75,-0.46,-0.74,-0.18,48.2,53,0.24,-0.09,0.57,46.8,71,-0.15,-0.44,0.14,44.6,85,-0.48,-0.74,-0.22,45.6,151,-0.31,-0.51,-0.11,NA,NA,NA,NA,NA,51.5,169,0.14,-0.02,0.3,49.5,56,0.13,-0.15,0.41,52.5,113,0.15,-0.05,0.34,6,46%,0%,0%,19,28%,4%,4%,31,41%,31%,29%,21%,44%,7%,7%,22%,21%,-0.08,-0.12,-0.11,-0.22,-0.05,0.46,-0.49,-1.05,-0.95,-0.56,-0.5,0.69,-0.18,0.15,0.11,0.12,-0.56,0.21,-0.31,0.63,-0.78,0.19,-0.43,0.18,-0.4,-0.43,-1.48,-0.19,-0.94,1.53,-0.62,-0.02,-0.96,-0.62,-1.48,1.02,-0.71,0.59,-0.37,0.81,-1.81,1.37,0.01,0.41,-0.76,49%,15%,47%,20%,31%,18%,19%,10%,10%,55%,24%,23%,37%,17%,16%,47%,15%,14%,41%,9%,55%,19%,31%,12%,54%,23%,27%,14%,32%,20%,66%,47%,61%,58%,66%,99%,49%,67%,60%,57%,82%,3,23%,41,60%,71,95%,73%,73%,76%,73%,34%,59%,1,8%,21,31%,57,76%,53%,46%,46%,49%,39%,56%,46%,76%,52%,64%,7%,30%,70,40%,104,60%,52,31%,116,69%,56,33%,114,67%,8.5,7.9,8.1,8.9,8.1,8.6,8.6,9,8.7,9.1,9,9.2,8.3,7.8,8,8.7,8,8.5,8.6,8.9,8.7,9,8.3,8.6
1,19308,320,6000,103110,Forest School,,College Place,Snaresbrook,,London,E17 3PY,0208 5096560,0,0,IND,Church of England,,NA,MIXED,0,0,1,4-18,,1369,699,670,171,91,53%,80,47%,NP,NP,NP,NP,NP,NP,NP,NP,NP,NP,NP,NP,NP,NP,NP,NP,NP,NP,NP,NA,NA,NA,NA,3305.3,19.3,30,0.2,20,0.1,1515.5,8.9,1739.8,10.2,1663,9.7,76.8,0.4,1.3,1.5,NP,NP,NP,NP,NP,NP,NP,NP,NP,NP,NP,NP,NP,NP,NP,NP,NP,1%,1%,1,1%,1%,1%,2,1%,2,1%,1,1%,130,76%,24,14%,1%,1%,1%,1%,SUPP,99%,96%,NP,NP,NP,NP,NP,NP,NP,NP,NP,NP,NP,NP,2,2,2,2,SUPP,129,23,1,1%,2,1%,2,1%,SUPP,SUPP,130,100%,24,100%,NP,NP,NP,NP,NP,NP,NP,NP,NP,NP,NP,NP,NP,NP,NP,NP,NP,NP,NP,NP,NP,NP,NP,NP,NP,NP,NP,NP,NP,NP,NP,NP,NP,NP,NP,NP,NP,NP,NP,NP,NP,NP,NP,NP,NP,NP,NP,NP,NP,NP,NP,NP,NP,NP,NP,NP,NP,NP,NP,NP,NP,NP,NP,NP,NP,NP,NP,NP,20.2,NP,NP,NP,NP,18.5,NP,NP,NP,NP,NP,NP,NP,NP,NP,NA,NA,NA,NA,NA,38.5,NA,NA,NA,NA,NA,NA,NA,NA,NA,NA,NA,NA,NA,NA,NP,NP,NP,NP,NP,NP,NP,NP,NP,NP,NP,NP,NP,NP,NP,NP,NP,NP,NP,NP,NP,NP,NP,NP,NP,NP,NP,NP,NP,NP,NP,NP,NP,NP,NP,NP,NP,NP,NP,NP,NP,NP,NP,NP,NP,NP,NP,NP,NP,NP,NP,NP,NP,NP,NP,NP,NP,NP,NP,NP,NP,NP,NP,0%,0%,0%,0%,0%,0%,0%,0%,0%,1%,1%,1%,NP,NP,NP,NP,NP,NP,NA,NA,NA,NA,NA,NA,NA,NA,NA,NA,NA,NA,1%,0%,0%,0%,1%,100%,0%,0%,97%,NP,NP,NP,NP,NP,NP,NP,NP,0%,3%,NP,NP,NP,NP,NP,NP,NP,NP,NP,NP,0%,3%,NP,NP,NA,NA,NA,NA,NA,NA,1%,1%,NA,NA,NA,NA,NA,NA,NA,NA,NA,NA,NA,NA,2.8,NP,NP,NP,NP,NP,NA,NA,NA,NA,NA,NA,2.6,NP,NP,NP,NP,NP,NA,NA,NA,NA,NA,NA
1,30092,320,4076,133287,Lammas School and Sixth Form,,150 Seymour Road,Leyton,,London,E10 7LX,0208 9885860,0,0,CY,Does not apply,COMP,OTHER NON SEL,MIXED,0,0,1,11-18,,724,434,290,127,81,64%,46,36%,26,30,32%,37,39%,27,29%,53,42%,74,58%,84,66%,43,34%,0,0%,122,96%,0,0%,53,42%,5459,43,1236,9.7,1070,8.4,1575.3,12.4,1577.8,12.4,1463.5,11.5,114.3,0.9,2.9,3,94,74%,0.15,-0.1,0.39,0.49,0.18,0.8,0.23,-0.05,0.51,0.41,0.11,0.7,-0.4,-0.69,-0.12,52%,32%,79,62%,23%,18%,127,100%,127,100%,101,80%,103,81%,106,83%,75%,56%,58%,35%,61%,46%,63%,78%,77%,75%,0.12,-0.17,0.41,-0.37,-0.74,-0.01,0.24,-0.15,0.63,95,71,74,45,62,47,67,79,62%,127,100%,127,100%,101,100%,101,98%,106,100%,39.9,49,-0.02,-0.37,0.32,45.2,45,0.33,-0.03,0.69,9.5,0.37,-0.07,0.8,7.6,0.06,-0.33,0.45,11.2,0.24,-0.16,0.65,11.6,-0.6,-1,-0.2,9.9,0.63,0.18,1.08,9,0.42,0.01,0.82,13.2,0.59,0.16,1.01,13,-0.19,-0.6,0.23,11.3,0.3,11.7,1.3,-9.9,-0.13,29.9,30,0.52,0.08,0.96,38.9,37,-0.09,-0.48,0.31,57.4,27,0.05,-0.41,0.51,43.6,55,0.39,0.07,0.72,40.5,33,0.05,-0.37,0.47,44.4,61,0.2,-0.11,0.5,43.1,93,0.16,-0.09,0.41,NA,NA,NA,NA,NA,49.1,123,0.48,0.3,0.67,46.3,71,0.28,0.03,0.52,51.9,52,0.77,0.48,1.05,13,43%,0%,0%,27,73%,8%,3%,23,85%,56%,52%,64%,61%,19%,15%,26%,20%,0.97,-0.17,-0.03,0.03,0.22,0.29,-0.63,-0.63,-0.49,-0.24,-0.16,0.12,0.74,0.18,0.31,0.43,-0.37,0.63,-0.19,1.59,0.35,0.26,-0.6,0.46,-0.52,0.01,-1,0.28,-0.77,0.97,-0.4,-0.07,-1.19,0.03,-1.29,0.71,-0.36,0.87,-0.25,0.57,-0.88,0.74,-0.5,1.41,0.06,21%,11%,39%,22%,57%,21%,59%,25%,21%,67%,20%,13%,65%,24%,19%,55%,23%,20%,12%,5%,29%,15%,42%,24%,37%,20%,53%,10%,61%,32%,46%,47%,52%,44%,46%,100%,52%,56%,53%,40%,61%,3,10%,16,43%,25,93%,60%,37%,54%,51%,23%,39%,1,3%,4,11%,21,78%,38%,22%,37%,32%,43%,59%,48%,63%,45%,61%,13%,20%,58,44%,73,56%,50,46%,59,54%,77,49%,79,51%,9.1,8.5,9.1,9.5,8.9,9.2,7.7,8,8.6,8.5,9.2,9.6,8.9,8.3,8.9,9.5,8.8,8.9,7.1,7.4,7.9,7.8,9,9.4
5,,,,,,,,,,,,,,,,,,,,,,,,,3654894,1853852,1801042,587497,300996,51.20%,286501,48.80%,,,,,,,,,,,,,,,,,,,,,,,,26220282.8,44.6,5460836,9.3,4920543.7,8.4,7349169.5,12.5,8489733.5,14.5,6655456.6,11.3,1834276.9,3.1,2.7,2.8,,,,,,,,,,,,,,,,,,59.10%,39.60%,205863,35.00%,21.90%,19.70%,521787,88.80%,534574,91.00%,502946,85.60%,436448,74.30%,280247,47.70%,70.30%,56.70%,64.70%,45.60%,63.20%,64.90%,72.60%,,,,,,,,,,,,,413110,332888,379848,267830,317631,283306,203355,204108,34.70%,519008,88.30%,524547,89.30%,499072,99.20%,428029,98.10%,279163,99.60%,,,,,,,,,,,,,,,,,,,,,,,,,,,,,,,,,,,,,,,,,,,,,,,,,,,,,,,,,,,,,,,,,,,,,47.6,,,,,41.8,,,,,,,,,,,,,,,48.5,,,,,,,,,,,,,,,,,,,,,,,,,,,,,,,,,,,,,,,,,,,,,,,,,,,,,,,,,,,,,,,,,,,,,,,,,,,,,,36.30%,22.90%,36.20%,22.90%,36.80%,23.10%,29.80%,17.10%,15.70%,40.50%,26.90%,23.90%,,,,,,,,,,,,,,,,,,,56.60%,53.40%,53.80%,53.50%,56.60%,97.00%,55.50%,55.80%,59.30%,,,,,,,,,55.20%,63.10%,,,,,,,,,,,36.40%,42.90%,,,,,,,,,5.20%,24.20%,,,,,,,,,,,,,8.9,,,,,,,,,,,,8.2,,,,,,,,,,,
7,,,,,,,,,,,,,,,,,,,,,,,,,3238279,1645471,1592808,527744,268465,50.90%,259279,49.10%,28.3,70287,14.10%,220652,44.20%,207861,41.70%,143544,27.20%,384200,72.80%,83896,15.90%,442079,83.80%,637,0.10%,509156,96.50%,19692,3.70%,54664,10.40%,24436236.6,46.3,5227262.3,9.9,4725196.7,9,6643147.6,12.6,7840630.1,14.9,6067284.3,11.5,1773345.8,3.4,2.8,2.9,498795,95%,-0.03,,,-0.04,,,-0.02,,,-0.03,,,-0.04,,,63.90%,42.70%,201586,38.20%,23.80%,21.30%,505312,95.70%,513344,97.30%,482144,91.40%,405175,76.80%,250366,47.40%,75.50%,60.50%,69.30%,48.60%,62.20%,62.90%,70.40%,,,,,,,,,,,,,398408,319395,365518,256551,299754,254917,176154,199869,37.90%,502633,95.20%,504480,95.60%,478400,99.20%,396950,98.00%,249330,99.60%,37,137336,-0.4,-0.41,-0.39,49.8,361459,0.11,0.1,0.11,8.1,-0.41,-0.42,-0.4,6.9,-0.38,-0.38,-0.37,9.5,-0.44,-0.44,-0.43,12.5,-0.37,-0.38,-0.36,10.6,0.11,0.1,0.11,9.7,0.11,0.11,0.12,13.7,0.13,0.13,0.14,15.7,0.09,0.08,0.09,8.6,3.9,12.6,3.2,,,22.5,70285,-0.17,-0.18,-0.16,41,220650,-0.02,-0.02,-0.01,60.5,207860,0,0,0.01,46.8,66928,0.5,0.49,0.51,49,245664,0.18,0.18,0.19,43.7,253131,-0.24,-0.24,-0.23,46.9,487309,-0.01,-0.01,0,48.4,525840,-0.03,,,49.9,512053,-0.03, , ,41.1,143088,-0.38,-0.38,-0.37,53.3,368965,0.1,0.1,0.11,5612,8.00%,0.90%,0.50%,64191,29.10%,10.60%,7.70%,121159,58.30%,45.60%,43.00%,25.40%,43.00%,11.70%,9.80%,28.20%,25.60%,0,0,0,-0.3,0.1,0,0,0.01,-0.42,0.14,-0.01,0,0,-0.17,0.04,,,,,,,,,,,,,,,,,,,,,,,,,,,,,,,38.70%,24.20%,38.70%,24.30%,39.70%,24.70%,32.80%,18.70%,17.10%,43.80%,29.00%,25.70%,39.00%,24.40%,21.90%,45.50%,27.60%,24.20%,22.90%,10.90%,44.50%,29.10%,23.30%,11.20%,44.50%,29.20%,25.20%,11.70%,45.20%,29.70%,61.30%,56.60%,57.10%,57.40%,61.30%,98.00%,58.90%,59.20%,63.00%,44.30%,71.20%,6729,9.60%,122001,55.30%,192813,92.80%,60.30%,67.60%,62.50%,64.90%,24.50%,49.40%,1605,2.30%,53406,24.20%,159398,76.70%,39.70%,45.80%,42.80%,43.50%,39.50%,66.00%,39.40%,66.70%,43.10%,70.60%,4.20%,25.20%,150444,26.90%,407988,73.10%,151176,27.30%,402020,72.60%,149876,27.70%,390780,72.30%,9.3,7.5,9.4,10.1,8.7,9.6,7.9,9.3,8.2,9.5,8.7,9.7,8.7,6.7,8.6,9.5,7.9,9,6.9,8.5,7.3,8.8,7.7,8.9
